timestamp,Temperature (BME280) (°C),Humidity (BME280) (%),Pressure (BME280) (hPa),Light Intensity (BH1750) (lux),Lightning Detection (AS3935),Lightning Distance (AS3935) (km),Rain Event (LM393),Temperature (MCP9808) (°C),UV Index (GY-8511),Rain Accumulation (SEN0575) (mm),Wind Speed (Anemometer) (m/s),Wind Direction (Wind Vane) (deg),PM1.0 (PMSA003I) (µg/m³),PM2.5 (PMSA003I) (µg/m³),PM10.0 (PMSA003I) (µg/m³)
2025-02-16 12:18:05,18.82,47.35,1013.61,,,,,19,,,,,,,
2025-02-16 12:19:05,18.83,46.99,1013.59,,,,,19,,,,,,,
2025-02-16 12:20:05,18.84,46.55,1013.6,,,,,19.06,,,,,,,
2025-02-16 12:22:03,18.88,46.47,1013.53,,,,,19.06,,,,,,,
2025-02-16 12:22:33,18.88,46.53,1013.59,,,,,19.13,,,,,,,
2025-02-16 12:23:03,18.9,46.41,1013.58,,,,,19.19,,,,,,,
2025-02-16 12:23:33,18.91,46.52,1013.57,,,,,19.19,,,,,,,
2025-02-16 12:24:03,18.89,46.24,1013.55,,,,,19.19,,,,,,,
2025-02-16 12:24:33,18.89,46.34,1013.51,,,,,19.19,,,,,,,
2025-02-16 12:25:03,18.89,46.45,1013.5,,,,,19.19,,,,,,,
2025-02-16 12:25:34,18.92,46.42,1013.49,,,,,19.25,,,,,,,
2025-02-16 12:26:04,18.91,46.21,1013.49,,,,,19.19,,,,,,,
2025-02-16 12:26:34,18.92,46.28,1013.51,,,,,19.25,,,,,,,
2025-02-16 12:27:04,18.94,46.38,1013.49,,,,,19.31,,,,,,,
2025-02-16 12:27:34,18.94,46.33,1013.5,,,,,19.31,,,,,,,
2025-02-16 12:28:04,18.96,46.4,1013.47,,,,,19.31,,,,,,,
2025-02-16 12:28:34,18.96,46.29,1013.44,,,,,19.31,,,,,,,
2025-02-16 12:29:04,18.95,46.27,1013.42,,,,,19.25,,,,,,,
2025-02-16 12:29:34,18.95,46.16,1013.41,,,,,19.38,,,,,,,
2025-02-16 12:30:05,18.97,46.31,1013.42,,,,,19.31,,,,,,,
2025-02-16 12:30:35,18.97,46.27,1013.42,,,,,19.38,,,,,,,
2025-02-16 12:31:05,18.97,46.3,1013.42,,,,,19.38,,,,,,,
2025-02-16 12:31:35,18.98,46.28,1013.43,,,,,19.38,,,,,,,
2025-02-16 12:32:05,18.98,46.25,1013.44,,,,,19.31,,,,,,,
2025-02-16 12:32:35,18.99,46.28,1013.43,,,,,19.38,,,,,,,
2025-02-16 12:33:05,19.04,46.44,1013.4,,,,,19.38,,,,,,,
2025-02-18 18:23:29,,,,,,,,,,,0,90,,,
2025-02-18 18:23:35,,,,,,,,,,,0,90,,,
2025-02-18 18:23:40,,,,,,,,,,,0,90,,,
2025-02-18 18:23:45,,,,,,,,,,,0,90,,,
2025-02-18 18:23:50,,,,,,,,,,,0.9,90,,,
2025-02-18 18:23:55,,,,,,,,,,,0.3,90,,,
2025-02-18 18:24:00,,,,,,,,,,,4.1,90,,,
2025-02-18 18:24:05,,,,,,,,,,,1.2,90,,,
2025-02-18 18:24:10,,,,,,,,,,,0.6,90,,,
2025-02-18 18:24:15,,,,,,,,,,,1.7,225,,,
2025-02-18 18:24:20,,,,,,,,,,,0.8,0,,,
2025-02-18 18:24:25,,,,,,,,,,,0.4,270,,,
2025-02-19 17:00:47,,,,,,,,,,0.2794,,,,,
2025-02-19 17:00:59,,,,,,,,,,0.5588,,,,,
2025-02-19 17:01:04,,,,,,,,,,0.5588,,,,,
2025-02-19 17:01:14,,,,,,,,,,0.8382,,,,,
2025-02-19 17:01:34,,,,,,,,,,1.1176,,,,,
2025-02-19 17:03:04,,,,,,,,,,1.397,,,,,
2025-02-19 17:04:48,,,,,,,,,,1.6764,,,,,
2025-02-19 17:04:55,,,,,,,,,,1.9558,,,,,
2025-02-19 17:05:02,,,,,,,,,,2.5146,,,,,
2025-02-19 17:05:11,,,,,,,,,,2.794,,,,,
2025-02-19 17:05:28,,,,,,,,,,2.794,,,,,
2025-02-19 17:05:30,,,,,,,,,,3.3528,,,,,
2025-02-19 17:05:32,,,,,,,,,,3.6322,,,,,
2025-02-19 17:05:34,,,,,,,,,,3.6322,,,,,
2025-02-19 17:05:37,,,,,,,,,,4.191,,,,,
2025-02-21 09:04:24,,,,32.5,,,,,0,,,,,,
2025-02-21 09:04:44,,,,26.67,,,,,0.36,,,,,,
2025-02-21 09:05:04,,,,26.67,,,,,0,,,,,,
2025-02-21 09:05:24,,,,14.17,,,,,1.15,,,,,,
2025-02-21 09:05:44,,,,359.17,,,,,0,,,,,,
2025-02-21 09:06:04,,,,33.33,,,,,0,,,,,,
2025-02-21 09:42:02,,,,33.33,,,Rain,,0,,,,,,
2025-02-21 09:42:22,,,,28.33,,,Rain,,0,,,,,,
2025-02-21 09:42:42,,,,29.17,,,no Rain,,0,,,,,,
2025-02-21 09:43:02,,,,28.33,,,Rain,,0,,,,,,
2025-02-21 09:52:36,,,,35.83,,,no Rain,,0,,,,,,
2025-02-21 09:52:56,,,,29.17,,,no Rain,,0,,,,,,
2025-02-21 09:53:16,,,,40,,,no Rain,,0,,,,,,
2025-02-21 09:53:36,,,,40015.83,,,no Rain,,0.01,,,,,,
2025-02-21 09:53:56,,,,38143.33,,,no Rain,,0,,,,,,
2025-02-21 09:54:16,,,,42.5,,,no Rain,,0,,,,,,
2025-02-21 09:54:36,,,,54612.5,,,no Rain,,0.41,,,,,,
2025-02-21 09:54:56,,,,54612.5,,,no Rain,,0.59,,,,,,
2025-02-21 09:55:16,,,,70,,,no Rain,,0,,,,,,
2025-02-21 09:55:36,,,,33.33,,,no Rain,,0,,,,,,
2025-02-23 12:55:22,,,,,,,,,,,,,5,6,8
2025-02-23 12:55:37,,,,,,,,,,,,,6,9,10
2025-02-23 12:55:52,,,,,,,,,,,,,5,7,8
2025-02-23 12:56:07,,,,,,,,,,,,,6,8,10
2025-02-23 12:56:22,,,,,,,,,,,,,5,7,9
2025-02-23 12:56:37,,,,,,,,,,,,,7,8,8
2025-02-23 12:56:52,,,,,,,,,,,,,6,7,9
2025-02-24 17:10:56,,,,,,,,,,,,,82,159,162
2025-02-24 17:11:11,,,,,,,,,,,,,81,153,167
2025-02-24 17:35:09,22.47,51.4,1029.79,,,,,23,,,,,,,
2025-02-24 17:35:55,22.48,50.97,1029.8,,,,,23,,,,,,,
2025-02-24 17:36:40,22.47,50.51,1029.81,,,,,22.94,,,,,,,
2025-02-24 20:20:03,,,,0.83,,,no Rain,,0,,,,,,
2025-02-24 20:20:23,,,,0.83,,,no Rain,,0,,,,,,
2025-02-24 20:20:43,,,,0.83,,,no Rain,,0,,,,,,
2025-02-24 20:21:03,,,,0.83,,,no Rain,,0,,,,,,
2025-02-24 20:21:23,,,,0.83,,,no Rain,,0,,,,,,
2025-02-24 20:21:43,,,,0.83,,,no Rain,,0,,,,,,
2025-02-24 20:22:03,,,,90,,,no Rain,,0,,,,,,
2025-02-24 20:22:23,,,,89.17,,,no Rain,,0,,,,,,
2025-02-26 22:05:52,,,,,,,,,,,,,10,12,12
2025-02-26 22:06:07,,,,,,,,,,,,,7,11,11
2025-02-26 22:09:39,,,,,,,,,,0.2794,,,,,
2025-02-26 22:09:46,,,,,,,,,,0.5588,,,,,
2025-02-26 22:09:54,,,,,,,,,,0.8382,,,,,
2025-02-26 22:37:55,,,,,,,,,,,,,10,12,14
2025-02-26 22:38:35,,,,,,,,,,0.2794,,,,,
2025-02-26 22:38:39,,,,,,,,,,0.2794,,,,,
2025-02-26 22:38:42,,,,,,,,,,0.8382,,,,,
2025-02-26 22:38:49,,,,,,,,,,0.8382,,,,,
2025-02-26 22:38:56,,,,,,,,,,1.397,,,,,
2025-02-26 23:18:05,,,,,,,,,,,,,7,15,21
2025-02-26 23:18:20,,,,,,,,,,,,,8,11,14
2025-02-27 00:03:46,,,,,,,,,,0,,,,,
2025-02-27 00:03:47,,,,,,,,,,0.2794,,,,,
2025-02-27 00:04:20,,,,,,,,,,,,,9,20,21
2025-02-27 00:04:35,,,,,,,,,,,,,7,10,10
2025-02-27 15:04:59,,,,,,,,,,,,,104,211,226
2025-02-27 15:05:14,,,,,,,,,,,,,101,190,202
2025-02-27 16:43:59,,,,,,,,,,,,,66,131,143
2025-02-27 16:51:00,20.01,59.6,1018.29,,,,,20.5,,,,,,,
2025-02-27 16:52:23,20.01,59.6,1018.28,,,,,20.56,,,,,,,
2025-02-27 16:59:23,20.02,59.48,1018.32,,,,,20.56,,,,,,,
2025-02-27 17:01:06,20.01,59.59,1018.27,,,,,20.56,,,,,,,
2025-02-27 17:04:53,,,,,,,,,,,,,53,119,125
2025-02-27 17:17:20,19.98,59.73,1018.23,,,,,20.5,,,,,,,
2025-02-27 17:26:24,19.99,60.64,1018.24,,,,,20.5,,,,,,,
2025-02-27 17:51:28,20,60.78,1018.23,,,,,20.5,,,,,,,
2025-02-27 23:02:20,19.94,61.62,1019.36,,,,,20.44,,,,,,,
2025-02-27 23:03:05,19.95,61.69,1019.32,,,,,20.44,,,,,,,
2025-02-27 23:18:17,20,61.25,1019.26,,,,,20.56,,,,,,,
2025-02-27 23:19:17,20,61.24,1019.24,,,,,20.5,,,,,,,
2025-02-27 23:20:02,20,61.16,1019.23,,,,,20.56,,,,,,,
2025-02-27 23:20:47,20.02,61.17,1019.22,,,,,20.56,,,,,,,
2025-02-27 23:21:35,20.01,61.25,1019.22,,,,,20.56,,,,,,,
2025-02-27 23:22:09,20.02,61.31,1019.24,,,,,20.5,,,,,,,
2025-02-27 23:22:27,20.01,61.28,1019.21,,,,,20.5,,,,,,,
2025-02-27 23:56:55,20.04,60.7,1018.99,,,,,20.56,,,,,,,
2025-02-27 23:57:05,20.04,60.68,1019.05,,,,,20.56,,,,,,,
2025-02-27 23:57:15,20.04,60.62,1019.05,,,,,20.63,,,,,,,
2025-02-27 23:57:25,20.04,60.64,1019.04,,,,,20.63,,,,,,,
2025-02-27 22:19:04,,,,0.83,,,no Rain,,0,,,,,,
2025-02-27 22:19:35,,,,0.83,,,no Rain,,0,,,,,,
2025-02-27 22:19:55,,,,0.83,,,no Rain,,0,,,,,,
2025-02-27 22:20:15,,,,0.83,,,no Rain,,0,,,,,,
2025-02-27 22:20:36,,,,0.83,,,no Rain,,0,,,,,,
2025-02-27 22:26:12,,,,0.83,,,no Rain,,0,,,,,,
2025-02-27 22:26:32,,,,0.83,,,no Rain,,0,,,,,,
2025-02-27 22:26:52,,,,0.83,,,no Rain,,0,,,,,,
2025-02-27 22:27:12,,,,0.83,,,no Rain,,0,,,,,,
2025-02-27 22:27:32,,,,0.83,,,no Rain,,0,,,,,,
2025-02-28 20:03:57,,,,44.17,,,no Rain,,0,,,,,,
2025-02-28 20:04:17,,,,43.33,,,no Rain,,0,,,,,,
2025-02-28 20:04:37,,,,44.17,,,no Rain,,0,,,,,,
2025-02-28 20:04:57,,,,43.33,,,no Rain,,0,,,,,,
2025-02-28 20:05:17,,,,39.17,,,no Rain,,0,,,,,,
2025-02-28 20:05:39,,,,47.5,,,no Rain,,0,,,,,,
2025-02-28 20:05:59,,,,39.17,,,Rain,,0,,,,,,
2025-02-28 20:06:19,,,,37.5,,,Rain,,0,,,,,,
2025-02-28 20:06:39,,,,36.67,,,Rain,,0,,,,,,
2025-02-28 20:06:59,,,,47.5,,,no Rain,,0,,,,,,
2025-02-28 20:07:19,,,,47.5,,,no Rain,,0,,,,,,
2025-02-28 20:10:39,,,,46.67,,,no Rain,,0,,,,,,
2025-02-28 20:10:59,,,,46.67,,,no Rain,,0,,,,,,
2025-02-28 20:13:59,,,,46.67,,,no Rain,,0,,,,,,
2025-02-28 20:14:19,,,,46.67,,,no Rain,,0,,,,,,
2025-03-01 12:07:54,,,,139.17,,,no Rain,,0,,,,,,
2025-03-01 12:08:14,,,,139.17,,,no Rain,,0,,,,,,
2025-03-01 12:08:34,,,,135.83,,,no Rain,,0,,,,,,
2025-03-01 12:08:54,,,,141.67,,,no Rain,,0,,,,,,
2025-03-02 12:22:06,20.09,54.02,1024.1,,,,,20.56,,,,,,,
2025-03-02 12:22:51,20.09,54.06,1024.11,,,,,20.56,,,,,,,
2025-03-02 12:23:36,20.07,54.19,1024.13,,,,,20.5,,,,,,,
2025-03-02 12:24:21,20.06,54.12,1024.14,,,,,20.5,,,,,,,
2025-03-02 14:43:49,,,,,,,,,,,,,20,29,31
2025-03-02 14:44:04,,,,,,,,,,,,,20,29,33
2025-03-02 14:44:19,,,,,,,,,,,,,19,34,38
2025-03-02 14:44:35,,,,,,,,,,,,,18,29,29
2025-03-02 14:44:50,,,,,,,,,,,,,17,28,28
2025-03-02 14:45:05,,,,,,,,,,,,,17,25,29
2025-03-02 14:45:20,,,,,,,,,,,,,16,25,26
2025-03-02 14:45:35,,,,,,,,,,,,,19,31,31
2025-03-02 14:45:50,,,,,,,,,,,,,18,28,29
2025-03-02 14:46:05,,,,,,,,,,,,,18,25,25
2025-03-02 14:46:20,,,,,,,,,,,,,18,25,26
2025-03-02 14:46:35,,,,,,,,,,,,,15,21,23
2025-03-02 14:46:50,,,,,,,,,,,,,15,23,27
2025-03-02 14:47:05,,,,,,,,,,,,,18,27,28
2025-03-02 14:47:20,,,,,,,,,,,,,16,26,28
2025-03-02 14:59:50,,,,,,,,,,,,,15,19,21
2025-03-02 15:00:05,,,,,,,,,,,,,12,16,18
2025-03-02 15:00:20,,,,,,,,,,,,,14,19,21
2025-03-02 15:00:35,,,,,,,,,,,,,12,17,19
2025-03-02 15:00:50,,,,,,,,,,,,,14,17,19
2025-03-02 15:01:05,,,,,,,,,,,,,15,19,21
2025-03-02 15:01:20,,,,,,,,,,,,,14,20,20
2025-03-02 15:01:35,,,,,,,,,,,,,11,15,15
2025-03-02 15:01:50,,,,,,,,,,,,,12,16,19
2025-03-02 15:02:05,,,,,,,,,,,,,10,13,13
2025-03-02 15:02:20,,,,,,,,,,,,,11,14,19
2025-03-02 15:02:35,,,,,,,,,,,,,13,17,18
2025-03-02 15:02:50,,,,,,,,,,,,,12,15,16
2025-03-02 15:03:05,,,,,,,,,,,,,14,21,21
2025-03-02 15:03:20,,,,,,,,,,,,,12,15,15
2025-03-02 15:03:35,,,,,,,,,,,,,11,15,15
2025-03-02 15:03:50,,,,,,,,,,,,,11,13,13
2025-03-02 15:04:05,,,,,,,,,,,,,11,13,13
2025-03-02 15:04:20,,,,,,,,,,,,,12,19,22
2025-03-02 15:04:35,,,,,,,,,,,,,12,14,14
2025-03-02 15:04:50,,,,,,,,,,,,,11,13,13
2025-03-02 15:05:05,,,,,,,,,,,,,12,16,16
2025-03-02 15:05:20,,,,,,,,,,,,,13,19,21
2025-03-02 15:05:35,,,,,,,,,,,,,13,16,16
2025-03-02 15:05:50,,,,,,,,,,,,,13,17,17
2025-03-02 15:06:20,,,,,,,,,,,,,10,14,14
2025-03-02 15:06:35,,,,,,,,,,,,,11,13,15
2025-03-02 15:06:50,,,,,,,,,,,,,9,12,12
2025-03-02 15:07:05,,,,,,,,,,,,,11,14,14
2025-03-02 15:07:20,,,,,,,,,,,,,13,15,15
2025-03-02 15:07:35,,,,,,,,,,,,,11,13,13
2025-03-02 15:07:50,,,,,,,,,,,,,10,13,13
2025-03-02 15:08:05,,,,,,,,,,,,,11,14,15
2025-03-02 15:08:20,,,,,,,,,,,,,11,14,14
2025-03-02 15:08:35,,,,,,,,,,,,,13,16,18
2025-03-02 15:08:50,,,,,,,,,,,,,11,17,17
2025-03-02 15:09:05,,,,,,,,,,,,,13,14,15
2025-03-02 15:09:20,,,,,,,,,,,,,12,13,13
2025-03-02 15:09:35,,,,,,,,,,,,,11,14,16
2025-03-02 15:09:50,,,,,,,,,,,,,11,15,16
2025-03-02 15:10:05,,,,,,,,,,,,,12,17,17
2025-03-02 15:10:20,,,,,,,,,,,,,10,13,13
2025-03-02 15:10:35,,,,,,,,,,,,,11,15,15
2025-03-02 15:10:50,,,,,,,,,,,,,10,13,13
2025-03-02 15:11:05,,,,,,,,,,,,,13,19,21
2025-03-02 15:11:20,,,,,,,,,,,,,9,13,14
2025-03-02 15:11:35,,,,,,,,,,,,,12,15,15
2025-03-02 15:11:50,,,,,,,,,,,,,9,11,11
2025-03-02 15:12:05,,,,,,,,,,,,,10,13,13
2025-03-02 15:12:20,,,,,,,,,,,,,12,14,14
2025-03-02 15:12:35,,,,,,,,,,,,,11,15,17
2025-03-02 15:12:50,,,,,,,,,,,,,11,13,17
2025-03-02 15:13:05,,,,,,,,,,,,,11,14,14
2025-03-02 15:13:20,,,,,,,,,,,,,12,15,15
2025-03-02 15:13:35,,,,,,,,,,,,,12,15,16
2025-03-02 15:13:50,,,,,,,,,,,,,13,16,16
2025-03-02 15:14:05,,,,,,,,,,,,,10,17,17
2025-03-02 15:14:21,,,,,,,,,,,,,10,14,14
2025-03-02 15:14:36,,,,,,,,,,,,,9,11,13
2025-03-02 15:14:51,,,,,,,,,,,,,11,12,15
2025-03-02 15:15:06,,,,,,,,,,,,,10,18,19
2025-03-02 15:15:21,,,,,,,,,,,,,9,13,13
2025-03-02 15:15:36,,,,,,,,,,,,,11,12,12
2025-03-02 15:15:51,,,,,,,,,,,,,10,12,12
2025-03-02 15:16:06,,,,,,,,,,,,,10,15,15
2025-03-02 15:16:21,,,,,,,,,,,,,10,12,13
2025-03-02 15:16:36,,,,,,,,,,,,,10,13,14
2025-03-02 15:16:51,,,,,,,,,,,,,10,12,13
2025-03-02 15:17:06,,,,,,,,,,,,,10,13,13
2025-03-02 15:17:21,,,,,,,,,,,,,8,11,11
2025-03-02 15:17:36,,,,,,,,,,,,,10,12,12
2025-03-02 15:17:51,,,,,,,,,,,,,10,13,13
2025-03-02 15:18:06,,,,,,,,,,,,,9,12,12
2025-03-02 15:18:21,,,,,,,,,,,,,9,12,13
2025-03-02 15:18:36,,,,,,,,,,,,,11,14,14
2025-03-02 15:18:51,,,,,,,,,,,,,8,10,10
2025-03-02 15:19:06,,,,,,,,,,,,,8,9,9
2025-03-02 15:19:21,,,,,,,,,,,,,11,13,13
2025-03-02 15:19:36,,,,,,,,,,,,,9,12,12
2025-03-02 15:19:51,,,,,,,,,,,,,9,11,11
2025-03-02 15:20:06,,,,,,,,,,,,,10,11,12
2025-03-02 15:20:21,,,,,,,,,,,,,10,13,13
2025-03-02 15:20:36,,,,,,,,,,,,,10,12,12
2025-03-02 15:20:51,,,,,,,,,,,,,9,12,12
2025-03-02 15:21:06,,,,,,,,,,,,,9,11,11
2025-03-02 15:21:21,,,,,,,,,,,,,10,12,12
2025-03-02 15:21:36,,,,,,,,,,,,,9,12,12
2025-03-02 15:21:51,,,,,,,,,,,,,11,14,15
2025-03-02 15:22:06,,,,,,,,,,,,,8,10,11
2025-03-02 15:22:21,,,,,,,,,,,,,8,11,11
2025-03-02 15:22:36,,,,,,,,,,,,,10,13,13
2025-03-02 15:22:51,,,,,,,,,,,,,10,10,11
2025-03-02 15:23:06,,,,,,,,,,,,,10,12,15
2025-03-02 15:23:21,,,,,,,,,,,,,10,17,18
2025-03-02 15:23:36,,,,,,,,,,,,,9,11,11
2025-03-02 15:23:51,,,,,,,,,,,,,8,11,13
2025-03-02 15:24:06,,,,,,,,,,,,,9,10,11
2025-03-02 15:24:21,,,,,,,,,,,,,10,13,16
2025-03-02 15:24:36,,,,,,,,,,,,,10,13,13
2025-03-02 15:24:51,,,,,,,,,,,,,8,9,9
2025-03-02 15:25:06,,,,,,,,,,,,,8,12,16
2025-03-02 15:25:21,,,,,,,,,,,,,11,14,14
2025-03-02 15:25:36,,,,,,,,,,,,,9,11,11
2025-03-02 15:25:51,,,,,,,,,,,,,11,13,13
2025-03-02 15:26:06,,,,,,,,,,,,,9,12,13
2025-03-02 15:26:21,,,,,,,,,,,,,9,14,14
2025-03-02 15:26:36,,,,,,,,,,,,,9,13,14
2025-03-02 15:26:51,,,,,,,,,,,,,10,12,12
2025-03-02 15:27:06,,,,,,,,,,,,,7,9,9
2025-03-02 15:27:21,,,,,,,,,,,,,10,12,13
2025-03-02 15:27:36,,,,,,,,,,,,,8,11,11
2025-03-02 15:27:51,,,,,,,,,,,,,9,11,11
2025-03-02 15:28:06,,,,,,,,,,,,,9,10,12
2025-03-02 15:28:21,,,,,,,,,,,,,9,10,10
2025-03-02 15:28:36,,,,,,,,,,,,,10,12,12
2025-03-02 15:28:51,,,,,,,,,,,,,10,12,12
2025-03-02 15:29:06,,,,,,,,,,,,,9,12,12
2025-03-02 15:29:21,,,,,,,,,,,,,9,12,13
2025-03-02 15:29:36,,,,,,,,,,,,,8,10,10
2025-03-02 15:29:51,,,,,,,,,,,,,10,11,13
2025-03-02 15:30:06,,,,,,,,,,,,,8,11,11
2025-03-02 15:30:21,,,,,,,,,,,,,8,10,10
2025-03-02 15:30:36,,,,,,,,,,,,,11,13,13
2025-03-02 15:30:52,,,,,,,,,,,,,10,12,15
2025-03-02 15:31:07,,,,,,,,,,,,,9,11,13
2025-03-02 15:31:22,,,,,,,,,,,,,9,12,12
2025-03-02 15:31:37,,,,,,,,,,,,,10,11,11
2025-03-02 15:31:52,,,,,,,,,,,,,10,14,15
2025-03-02 15:32:07,,,,,,,,,,,,,8,10,10
2025-03-02 15:32:22,,,,,,,,,,,,,8,11,11
2025-03-02 15:32:37,,,,,,,,,,,,,9,12,15
2025-03-02 15:32:52,,,,,,,,,,,,,10,12,13
2025-03-02 15:33:07,,,,,,,,,,,,,8,10,10
2025-03-02 15:33:22,,,,,,,,,,,,,9,10,11
2025-03-02 15:33:37,,,,,,,,,,,,,9,10,12
2025-03-02 15:33:52,,,,,,,,,,,,,8,10,10
2025-03-02 15:34:07,,,,,,,,,,,,,8,10,10
2025-03-02 15:34:22,,,,,,,,,,,,,7,10,10
2025-03-02 15:34:37,,,,,,,,,,,,,8,10,11
2025-03-02 15:34:52,,,,,,,,,,,,,8,10,11
2025-03-02 15:35:07,,,,,,,,,,,,,9,11,13
2025-03-02 15:35:22,,,,,,,,,,,,,9,12,12
2025-03-02 15:35:37,,,,,,,,,,,,,8,10,10
2025-03-02 15:35:52,,,,,,,,,,,,,7,11,11
2025-03-02 15:36:07,,,,,,,,,,,,,9,11,11
2025-03-02 15:36:22,,,,,,,,,,,,,9,11,11
2025-03-02 15:36:37,,,,,,,,,,,,,8,10,10
2025-03-02 15:36:52,,,,,,,,,,,,,10,14,14
2025-03-02 15:37:07,,,,,,,,,,,,,8,10,10
2025-03-02 15:37:22,,,,,,,,,,,,,7,8,11
2025-03-02 15:37:37,,,,,,,,,,,,,8,9,9
2025-03-02 15:37:52,,,,,,,,,,,,,8,9,9
2025-03-02 15:38:07,,,,,,,,,,,,,9,12,12
2025-03-02 15:38:22,,,,,,,,,,,,,9,10,11
2025-03-02 15:38:37,,,,,,,,,,,,,8,10,13
2025-03-02 15:38:52,,,,,,,,,,,,,8,10,10
2025-03-02 15:39:07,,,,,,,,,,,,,8,10,11
2025-03-02 15:39:22,,,,,,,,,,,,,7,8,8
2025-03-02 15:39:37,,,,,,,,,,,,,7,8,9
2025-03-02 15:39:52,,,,,,,,,,,,,8,9,10
2025-03-02 15:40:07,,,,,,,,,,,,,8,8,8
2025-03-02 15:40:22,,,,,,,,,,,,,8,10,10
2025-03-02 15:40:37,,,,,,,,,,,,,9,11,12
2025-03-02 15:40:52,,,,,,,,,,,,,8,10,10
2025-03-02 15:41:07,,,,,,,,,,,,,8,11,11
2025-03-02 15:41:22,,,,,,,,,,,,,9,11,13
2025-03-02 15:41:37,,,,,,,,,,,,,9,10,10
2025-03-02 15:41:52,,,,,,,,,,,,,9,12,14
2025-03-02 15:42:07,,,,,,,,,,,,,6,9,9
2025-03-02 15:42:22,,,,,,,,,,,,,8,10,10
2025-03-02 15:42:37,,,,,,,,,,,,,8,9,9
2025-03-02 15:42:52,,,,,,,,,,,,,7,8,8
2025-03-02 15:43:07,,,,,,,,,,,,,8,9,9
2025-03-02 15:43:22,,,,,,,,,,,,,7,8,8
2025-03-02 15:43:37,,,,,,,,,,,,,8,10,10
2025-03-02 15:43:52,,,,,,,,,,,,,9,10,10
2025-03-02 15:44:07,,,,,,,,,,,,,10,11,11
2025-03-02 15:44:22,,,,,,,,,,,,,8,10,12
2025-03-02 15:44:37,,,,,,,,,,,,,8,10,10
2025-03-02 15:44:52,,,,,,,,,,,,,8,9,9
2025-03-02 15:45:07,,,,,,,,,,,,,8,9,11
2025-03-02 15:45:22,,,,,,,,,,,,,7,11,11
2025-03-02 15:45:38,,,,,,,,,,,,,8,10,10
2025-03-02 15:45:53,,,,,,,,,,,,,8,9,10
2025-03-02 15:46:08,,,,,,,,,,,,,9,11,11
2025-03-02 15:46:23,,,,,,,,,,,,,8,9,9
2025-03-02 15:46:38,,,,,,,,,,,,,8,9,9
2025-03-02 15:46:53,,,,,,,,,,,,,8,9,9
2025-03-02 15:47:08,,,,,,,,,,,,,9,12,15
2025-03-02 15:47:23,,,,,,,,,,,,,9,10,10
2025-03-02 15:47:38,,,,,,,,,,,,,8,11,11
2025-03-02 15:47:53,,,,,,,,,,,,,9,11,11
2025-03-02 15:48:08,,,,,,,,,,,,,8,10,11
2025-03-02 15:48:23,,,,,,,,,,,,,9,11,13
2025-03-02 15:48:38,,,,,,,,,,,,,10,12,12
2025-03-02 15:48:53,,,,,,,,,,,,,7,9,9
2025-03-02 15:49:08,,,,,,,,,,,,,8,10,10
2025-03-02 15:49:23,,,,,,,,,,,,,7,10,11
2025-03-02 15:49:38,,,,,,,,,,,,,8,9,9
2025-03-02 15:49:53,,,,,,,,,,,,,8,10,10
2025-03-02 15:50:08,,,,,,,,,,,,,9,11,12
2025-03-02 15:50:23,,,,,,,,,,,,,10,11,12
2025-03-02 15:50:38,,,,,,,,,,,,,7,9,11
2025-03-02 15:50:53,,,,,,,,,,,,,8,9,10
2025-03-02 15:51:08,,,,,,,,,,,,,7,10,15
2025-03-02 15:51:23,,,,,,,,,,,,,8,9,11
2025-03-02 15:51:38,,,,,,,,,,,,,8,10,16
2025-03-02 15:51:53,,,,,,,,,,,,,8,11,11
2025-03-02 15:52:08,,,,,,,,,,,,,7,10,12
2025-03-02 15:52:23,,,,,,,,,,,,,9,15,16
2025-03-02 15:52:38,,,,,,,,,,,,,11,13,13
2025-03-02 15:52:53,,,,,,,,,,,,,11,13,13
2025-03-02 15:53:08,,,,,,,,,,,,,14,19,21
2025-03-02 15:53:23,,,,,,,,,,,,,13,20,22
2025-03-02 15:53:38,,,,,,,,,,,,,13,17,17
2025-03-02 15:53:53,,,,,,,,,,,,,14,21,26
2025-03-02 15:54:08,,,,,,,,,,,,,13,19,20
2025-03-02 15:54:23,,,,,,,,,,,,,10,15,16
2025-03-02 15:54:38,,,,,,,,,,,,,10,18,21
2025-03-02 15:54:53,,,,,,,,,,,,,10,14,14
2025-03-02 15:55:08,,,,,,,,,,,,,10,11,11
2025-03-02 15:55:23,,,,,,,,,,,,,8,10,10
2025-03-02 15:55:38,,,,,,,,,,,,,10,12,12
2025-03-02 15:55:53,,,,,,,,,,,,,8,9,9
2025-03-02 15:56:08,,,,,,,,,,,,,8,10,10
2025-03-02 15:56:23,,,,,,,,,,,,,8,8,8
2025-03-02 15:56:38,,,,,,,,,,,,,10,10,12
2025-03-02 15:56:53,,,,,,,,,,,,,9,11,12
2025-03-02 15:57:08,,,,,,,,,,,,,7,9,10
2025-03-02 15:57:23,,,,,,,,,,,,,9,11,12
2025-03-02 15:57:38,,,,,,,,,,,,,9,11,11
2025-03-02 15:57:53,,,,,,,,,,,,,9,11,12
2025-03-02 15:58:08,,,,,,,,,,,,,8,12,14
2025-03-02 15:58:23,,,,,,,,,,,,,8,8,10
2025-03-02 15:58:38,,,,,,,,,,,,,9,11,11
2025-03-02 15:58:53,,,,,,,,,,,,,12,17,17
2025-03-02 15:59:08,,,,,,,,,,,,,11,16,17
2025-03-02 15:59:23,,,,,,,,,,,,,10,13,13
2025-03-02 15:59:38,,,,,,,,,,,,,10,12,14
2025-03-02 15:59:53,,,,,,,,,,,,,9,12,12
2025-03-02 16:00:08,,,,,,,,,,,,,8,10,10
2025-03-02 16:00:23,,,,,,,,,,,,,8,10,10
2025-03-02 16:00:38,,,,,,,,,,,,,10,12,14
2025-03-02 16:00:54,,,,,,,,,,,,,7,9,9
2025-03-02 16:01:09,,,,,,,,,,,,,10,13,15
2025-03-02 16:01:24,,,,,,,,,,,,,9,12,12
2025-03-02 16:01:39,,,,,,,,,,,,,10,11,14
2025-03-02 16:01:54,,,,,,,,,,,,,10,11,11
2025-03-02 16:02:09,,,,,,,,,,,,,8,10,10
2025-03-02 16:02:24,,,,,,,,,,,,,8,9,10
2025-03-02 16:02:39,,,,,,,,,,,,,9,11,11
2025-03-02 16:02:54,,,,,,,,,,,,,9,9,9
2025-03-02 16:03:09,,,,,,,,,,,,,9,10,11
2025-03-02 16:03:24,,,,,,,,,,,,,8,9,9
2025-03-02 16:03:39,,,,,,,,,,,,,8,9,9
2025-03-02 16:03:54,,,,,,,,,,,,,7,8,8
2025-03-02 16:04:09,,,,,,,,,,,,,9,11,11
2025-03-02 16:04:24,,,,,,,,,,,,,7,8,8
2025-03-02 16:04:39,,,,,,,,,,,,,7,9,10
2025-03-02 16:04:54,,,,,,,,,,,,,7,9,9
2025-03-02 16:05:09,,,,,,,,,,,,,7,8,8
2025-03-02 16:05:24,,,,,,,,,,,,,7,9,11
2025-03-02 16:05:39,,,,,,,,,,,,,8,11,11
2025-03-02 16:05:54,,,,,,,,,,,,,6,8,9
2025-03-02 16:06:09,,,,,,,,,,,,,7,8,8
2025-03-02 16:06:24,,,,,,,,,,,,,7,8,11
2025-03-02 16:06:39,,,,,,,,,,,,,8,10,10
2025-03-02 16:06:54,,,,,,,,,,,,,6,9,9
2025-03-02 16:07:09,,,,,,,,,,,,,9,11,11
2025-03-02 16:07:24,,,,,,,,,,,,,9,11,11
2025-03-02 16:07:39,,,,,,,,,,,,,9,11,12
2025-03-02 16:07:54,,,,,,,,,,,,,7,10,11
2025-03-02 16:08:09,,,,,,,,,,,,,7,8,10
2025-03-02 16:08:24,,,,,,,,,,,,,7,9,9
2025-03-02 16:08:39,,,,,,,,,,,,,7,9,9
2025-03-02 16:08:54,,,,,,,,,,,,,7,10,11
2025-03-02 16:09:09,,,,,,,,,,,,,8,9,9
2025-03-02 16:09:24,,,,,,,,,,,,,8,10,10
2025-03-02 16:09:39,,,,,,,,,,,,,9,11,12
2025-03-02 16:09:54,,,,,,,,,,,,,8,9,9
2025-03-02 16:10:09,,,,,,,,,,,,,7,8,8
2025-03-02 16:10:24,,,,,,,,,,,,,8,10,10
2025-03-02 16:10:39,,,,,,,,,,,,,8,10,10
2025-03-02 16:10:54,,,,,,,,,,,,,9,11,12
2025-03-02 16:11:09,,,,,,,,,,,,,8,9,9
2025-03-02 16:11:24,,,,,,,,,,,,,9,11,11
2025-03-02 16:11:39,,,,,,,,,,,,,9,10,12
2025-03-02 16:11:54,,,,,,,,,,,,,8,10,10
2025-03-02 16:12:09,,,,,,,,,,,,,8,10,11
2025-03-02 16:12:24,,,,,,,,,,,,,9,12,12
2025-03-02 16:12:39,,,,,,,,,,,,,8,11,11
2025-03-02 16:12:54,,,,,,,,,,,,,10,12,12
2025-03-02 16:13:09,,,,,,,,,,,,,8,11,11
2025-03-02 16:13:24,,,,,,,,,,,,,10,11,12
2025-03-02 16:13:39,,,,,,,,,,,,,10,14,14
2025-03-02 16:13:54,,,,,,,,,,,,,9,10,10
2025-03-02 16:14:09,,,,,,,,,,,,,9,10,10
2025-03-02 16:14:24,,,,,,,,,,,,,8,9,11
2025-03-02 16:14:39,,,,,,,,,,,,,8,15,16
2025-03-02 16:14:54,,,,,,,,,,,,,7,10,10
2025-03-02 16:15:09,,,,,,,,,,,,,8,9,9
2025-03-02 16:15:24,,,,,,,,,,,,,9,11,12
2025-03-02 16:15:39,,,,,,,,,,,,,9,12,12
2025-03-02 16:15:54,,,,,,,,,,,,,8,10,10
2025-03-02 16:16:09,,,,,,,,,,,,,6,8,8
2025-03-02 16:16:24,,,,,,,,,,,,,8,9,9
2025-03-02 16:16:39,,,,,,,,,,,,,7,15,18
2025-03-02 16:16:54,,,,,,,,,,,,,8,10,11
2025-03-02 16:17:09,,,,,,,,,,,,,7,8,10
2025-03-02 16:17:25,,,,,,,,,,,,,7,7,7
2025-03-02 16:17:40,,,,,,,,,,,,,7,7,7
2025-03-02 16:17:55,,,,,,,,,,,,,7,8,10
2025-03-02 16:18:10,,,,,,,,,,,,,8,13,13
2025-03-02 16:18:25,,,,,,,,,,,,,7,9,10
2025-03-02 16:18:40,,,,,,,,,,,,,6,8,8
2025-03-02 16:18:55,,,,,,,,,,,,,7,9,9
2025-03-02 16:19:10,,,,,,,,,,,,,7,8,8
2025-03-02 16:19:25,,,,,,,,,,,,,9,10,10
2025-03-02 16:19:40,,,,,,,,,,,,,9,10,10
2025-03-02 16:19:55,,,,,,,,,,,,,8,9,10
2025-03-02 16:20:10,,,,,,,,,,,,,7,9,12
2025-03-02 16:20:25,,,,,,,,,,,,,8,10,10
2025-03-02 16:20:40,,,,,,,,,,,,,8,10,10
2025-03-02 16:20:55,,,,,,,,,,,,,7,9,12
2025-03-02 16:21:10,,,,,,,,,,,,,8,11,13
2025-03-02 16:21:25,,,,,,,,,,,,,9,10,10
2025-03-02 16:21:40,,,,,,,,,,,,,8,9,12
2025-03-02 16:21:55,,,,,,,,,,,,,8,10,10
2025-03-02 16:22:10,,,,,,,,,,,,,9,10,10
2025-03-02 16:22:25,,,,,,,,,,,,,9,10,10
2025-03-02 16:22:40,,,,,,,,,,,,,7,9,10
2025-03-02 16:22:55,,,,,,,,,,,,,9,15,15
2025-03-02 16:23:10,,,,,,,,,,,,,8,10,11
2025-03-02 16:23:25,,,,,,,,,,,,,8,9,9
2025-03-02 16:23:40,,,,,,,,,,,,,9,9,9
2025-03-02 16:23:55,,,,,,,,,,,,,7,8,8
2025-03-02 16:24:10,,,,,,,,,,,,,9,11,13
2025-03-02 16:24:25,,,,,,,,,,,,,9,11,11
2025-03-02 16:24:40,,,,,,,,,,,,,9,10,13
2025-03-02 16:24:55,,,,,,,,,,,,,8,9,9
2025-03-02 16:25:10,,,,,,,,,,,,,8,10,10
2025-03-02 16:25:25,,,,,,,,,,,,,9,11,13
2025-03-02 16:25:40,,,,,,,,,,,,,10,13,13
2025-03-02 16:25:55,,,,,,,,,,,,,8,9,9
2025-03-02 16:26:10,,,,,,,,,,,,,10,12,12
2025-03-02 16:26:25,,,,,,,,,,,,,9,13,13
2025-03-02 16:26:40,,,,,,,,,,,,,9,13,13
2025-03-02 16:26:55,,,,,,,,,,,,,8,10,10
2025-03-02 16:27:10,,,,,,,,,,,,,10,13,13
2025-03-02 16:27:25,,,,,,,,,,,,,10,12,12
2025-03-02 16:27:40,,,,,,,,,,,,,10,12,12
2025-03-02 16:27:55,,,,,,,,,,,,,12,14,14
2025-03-02 16:28:10,,,,,,,,,,,,,9,11,14
2025-03-02 16:28:25,,,,,,,,,,,,,8,9,9
2025-03-02 16:28:40,,,,,,,,,,,,,8,10,11
2025-03-02 16:28:55,,,,,,,,,,,,,10,12,13
2025-03-02 16:29:10,,,,,,,,,,,,,12,16,16
2025-03-02 16:29:25,,,,,,,,,,,,,11,14,16
2025-03-02 16:29:40,,,,,,,,,,,,,9,10,10
2025-03-02 16:29:55,,,,,,,,,,,,,9,11,14
2025-03-02 16:30:10,,,,,,,,,,,,,9,11,11
2025-03-02 16:30:25,,,,,,,,,,,,,9,11,11
2025-03-02 16:30:40,,,,,,,,,,,,,9,12,14
2025-03-02 16:30:55,,,,,,,,,,,,,8,10,12
2025-03-02 16:31:10,,,,,,,,,,,,,10,11,15
2025-03-02 16:31:25,,,,,,,,,,,,,8,10,10
2025-03-02 16:31:40,,,,,,,,,,,,,8,10,10
2025-03-02 16:31:55,,,,,,,,,,,,,8,9,9
2025-03-02 16:32:10,,,,,,,,,,,,,8,10,10
2025-03-02 16:32:26,,,,,,,,,,,,,7,8,8
2025-03-02 16:32:41,,,,,,,,,,,,,7,9,9
2025-03-02 16:32:56,,,,,,,,,,,,,9,10,10
2025-03-02 16:33:11,,,,,,,,,,,,,8,9,9
2025-03-02 16:33:26,,,,,,,,,,,,,7,8,8
2025-03-02 16:33:41,,,,,,,,,,,,,7,9,9
2025-03-02 16:33:56,,,,,,,,,,,,,8,11,12
2025-03-02 16:34:11,,,,,,,,,,,,,10,11,11
2025-03-02 16:34:26,,,,,,,,,,,,,10,12,12
2025-03-02 16:34:41,,,,,,,,,,,,,11,14,14
2025-03-02 16:34:56,,,,,,,,,,,,,13,18,18
2025-03-02 16:35:11,,,,,,,,,,,,,12,14,14
2025-03-02 16:35:26,,,,,,,,,,,,,12,15,15
2025-03-02 16:35:41,,,,,,,,,,,,,10,12,12
2025-03-02 16:35:56,,,,,,,,,,,,,10,12,12
2025-03-02 16:36:11,,,,,,,,,,,,,8,10,12
2025-03-02 16:36:26,,,,,,,,,,,,,9,12,12
2025-03-02 16:36:41,,,,,,,,,,,,,11,15,15
2025-03-02 16:36:56,,,,,,,,,,,,,12,14,14
2025-03-02 16:37:11,,,,,,,,,,,,,11,15,19
2025-03-02 16:37:26,,,,,,,,,,,,,14,24,25
2025-03-02 16:37:41,,,,,,,,,,,,,13,17,21
2025-03-02 16:37:56,,,,,,,,,,,,,14,19,22
2025-03-02 16:38:11,,,,,,,,,,,,,14,19,19
2025-03-02 16:38:26,,,,,,,,,,,,,12,17,17
2025-03-02 16:38:41,,,,,,,,,,,,,13,18,21
2025-03-02 16:38:56,,,,,,,,,,,,,15,20,23
2025-03-02 16:39:11,,,,,,,,,,,,,13,17,20
2025-03-02 16:39:26,,,,,,,,,,,,,12,18,18
2025-03-02 16:39:41,,,,,,,,,,,,,14,17,17
2025-03-02 16:39:56,,,,,,,,,,,,,14,18,22
2025-03-02 16:40:11,,,,,,,,,,,,,11,16,16
2025-03-02 16:40:26,,,,,,,,,,,,,9,12,12
2025-03-02 16:40:41,,,,,,,,,,,,,11,12,12
2025-03-02 16:40:56,,,,,,,,,,,,,11,15,15
2025-03-02 16:41:11,,,,,,,,,,,,,11,14,14
2025-03-02 16:41:26,,,,,,,,,,,,,10,12,12
2025-03-02 16:41:41,,,,,,,,,,,,,8,10,10
2025-03-02 16:41:56,,,,,,,,,,,,,12,15,16
2025-03-02 16:42:11,,,,,,,,,,,,,13,16,19
2025-03-02 16:42:26,,,,,,,,,,,,,11,14,14
2025-03-02 16:42:41,,,,,,,,,,,,,11,13,13
2025-03-02 16:42:56,,,,,,,,,,,,,8,14,14
2025-03-02 16:43:11,,,,,,,,,,,,,9,12,13
2025-03-02 16:43:26,,,,,,,,,,,,,9,12,12
2025-03-02 16:43:41,,,,,,,,,,,,,8,10,15
2025-03-02 16:43:56,,,,,,,,,,,,,6,8,8
2025-03-02 16:44:11,,,,,,,,,,,,,7,9,9
2025-03-02 16:44:26,,,,,,,,,,,,,8,10,10
2025-03-02 16:44:41,,,,,,,,,,,,,8,9,11
2025-03-02 16:44:56,,,,,,,,,,,,,9,11,13
2025-03-02 16:45:11,,,,,,,,,,,,,7,9,9
2025-03-02 16:45:26,,,,,,,,,,,,,7,15,15
2025-03-02 16:45:41,,,,,,,,,,,,,7,8,11
2025-03-02 16:45:56,,,,,,,,,,,,,9,11,13
2025-03-02 16:46:11,,,,,,,,,,,,,8,9,9
2025-03-02 16:46:26,,,,,,,,,,,,,9,11,11
2025-03-02 16:46:41,,,,,,,,,,,,,9,11,11
2025-03-02 16:46:56,,,,,,,,,,,,,9,11,13
2025-03-02 16:47:11,,,,,,,,,,,,,10,12,13
2025-03-02 16:47:26,,,,,,,,,,,,,12,15,18
2025-03-02 16:47:42,,,,,,,,,,,,,11,13,13
2025-03-02 16:47:57,,,,,,,,,,,,,11,13,15
2025-03-02 16:48:12,,,,,,,,,,,,,12,20,22
2025-03-02 16:48:27,,,,,,,,,,,,,9,12,13
2025-03-02 16:48:42,,,,,,,,,,,,,11,12,12
2025-03-02 16:48:57,,,,,,,,,,,,,10,12,12
2025-03-02 16:49:12,,,,,,,,,,,,,10,13,13
2025-03-02 16:49:27,,,,,,,,,,,,,10,15,16
2025-03-02 16:49:42,,,,,,,,,,,,,9,12,12
2025-03-02 16:49:57,,,,,,,,,,,,,9,11,11
2025-03-02 16:50:12,,,,,,,,,,,,,8,10,10
2025-03-02 16:50:27,,,,,,,,,,,,,8,13,13
2025-03-02 16:50:42,,,,,,,,,,,,,6,8,10
2025-03-02 16:50:57,,,,,,,,,,,,,7,9,10
2025-03-02 16:51:12,,,,,,,,,,,,,9,11,11
2025-03-02 16:51:27,,,,,,,,,,,,,9,10,10
2025-03-02 16:51:42,,,,,,,,,,,,,9,13,13
2025-03-02 16:51:57,,,,,,,,,,,,,9,11,12
2025-03-02 16:52:12,,,,,,,,,,,,,12,14,14
2025-03-02 16:52:27,,,,,,,,,,,,,10,12,13
2025-03-02 16:52:42,,,,,,,,,,,,,13,18,18
2025-03-02 16:52:57,,,,,,,,,,,,,13,20,21
2025-03-02 16:53:12,,,,,,,,,,,,,17,21,21
2025-03-02 16:53:27,,,,,,,,,,,,,25,30,33
2025-03-02 16:53:42,,,,,,,,,,,,,20,27,27
2025-03-02 16:53:57,,,,,,,,,,,,,18,23,23
2025-03-02 16:54:12,,,,,,,,,,,,,17,23,24
2025-03-02 16:54:27,,,,,,,,,,,,,14,18,18
2025-03-02 16:54:42,,,,,,,,,,,,,13,16,16
2025-03-02 16:54:57,,,,,,,,,,,,,11,14,16
2025-03-02 16:55:12,,,,,,,,,,,,,11,14,16
2025-03-02 16:55:27,,,,,,,,,,,,,13,16,16
2025-03-02 16:55:42,,,,,,,,,,,,,11,14,14
2025-03-02 16:55:57,,,,,,,,,,,,,9,16,17
2025-03-02 16:56:12,,,,,,,,,,,,,11,14,16
2025-03-02 16:56:27,,,,,,,,,,,,,10,13,13
2025-03-02 16:56:42,,,,,,,,,,,,,10,11,11
2025-03-02 16:56:57,,,,,,,,,,,,,11,13,15
2025-03-02 16:57:12,,,,,,,,,,,,,11,13,15
2025-03-02 16:57:27,,,,,,,,,,,,,10,13,14
2025-03-02 16:57:42,,,,,,,,,,,,,10,11,11
2025-03-02 16:57:57,,,,,,,,,,,,,10,12,13
2025-03-02 16:58:12,,,,,,,,,,,,,10,11,12
2025-03-02 16:58:27,,,,,,,,,,,,,10,11,12
2025-03-02 16:58:42,,,,,,,,,,,,,9,11,12
2025-03-02 16:58:57,,,,,,,,,,,,,10,14,14
2025-03-02 16:59:12,,,,,,,,,,,,,10,15,16
2025-03-02 16:59:27,,,,,,,,,,,,,11,14,14
2025-03-02 16:59:42,,,,,,,,,,,,,10,11,11
2025-03-02 16:59:57,,,,,,,,,,,,,12,14,14
2025-03-02 17:00:12,,,,,,,,,,,,,9,10,11
2025-03-02 17:00:27,,,,,,,,,,,,,10,12,12
2025-03-02 17:00:42,,,,,,,,,,,,,10,11,11
2025-03-02 17:00:57,,,,,,,,,,,,,10,11,11
2025-03-02 17:01:12,,,,,,,,,,,,,11,12,15
2025-03-02 17:01:27,,,,,,,,,,,,,10,13,13
2025-03-02 17:01:42,,,,,,,,,,,,,11,12,14
2025-03-02 17:01:57,,,,,,,,,,,,,12,15,20
2025-03-02 17:02:12,,,,,,,,,,,,,12,16,18
2025-03-02 17:02:27,,,,,,,,,,,,,12,17,20
2025-03-02 17:02:42,,,,,,,,,,,,,11,14,14
2025-03-02 17:02:57,,,,,,,,,,,,,10,15,16
2025-03-02 17:03:12,,,,,,,,,,,,,9,12,12
2025-03-02 17:03:27,,,,,,,,,,,,,9,11,13
2025-03-02 17:03:43,,,,,,,,,,,,,13,14,17
2025-03-02 17:03:58,,,,,,,,,,,,,11,13,13
2025-03-02 17:04:13,,,,,,,,,,,,,10,12,14
2025-03-02 17:04:28,,,,,,,,,,,,,10,13,13
2025-03-02 17:04:43,,,,,,,,,,,,,9,13,14
2025-03-02 17:04:58,,,,,,,,,,,,,12,14,15
2025-03-02 17:05:13,,,,,,,,,,,,,11,14,15
2025-03-02 17:05:28,,,,,,,,,,,,,11,13,13
2025-03-02 17:05:43,,,,,,,,,,,,,11,13,13
2025-03-02 17:05:58,,,,,,,,,,,,,12,14,16
2025-03-02 17:06:13,,,,,,,,,,,,,12,14,17
2025-03-02 17:06:28,,,,,,,,,,,,,13,15,15
2025-03-02 17:06:43,,,,,,,,,,,,,12,15,15
2025-03-02 17:06:58,,,,,,,,,,,,,13,15,18
2025-03-02 17:07:13,,,,,,,,,,,,,13,16,16
2025-03-02 17:07:28,,,,,,,,,,,,,11,13,13
2025-03-02 17:07:43,,,,,,,,,,,,,12,14,16
2025-03-02 17:07:58,,,,,,,,,,,,,16,20,21
2025-03-02 17:08:13,,,,,,,,,,,,,10,15,17
2025-03-02 17:08:28,,,,,,,,,,,,,11,14,18
2025-03-02 17:08:43,,,,,,,,,,,,,12,18,18
2025-03-02 17:08:58,,,,,,,,,,,,,12,18,18
2025-03-02 17:09:13,,,,,,,,,,,,,10,13,16
2025-03-02 17:09:28,,,,,,,,,,,,,13,21,21
2025-03-02 17:09:43,,,,,,,,,,,,,9,12,12
2025-03-02 17:09:58,,,,,,,,,,,,,12,16,16
2025-03-02 17:10:13,,,,,,,,,,,,,12,17,17
2025-03-02 17:10:28,,,,,,,,,,,,,12,17,18
2025-03-02 17:10:43,,,,,,,,,,,,,13,16,17
2025-03-02 17:10:58,,,,,,,,,,,,,11,15,18
2025-03-02 17:11:13,,,,,,,,,,,,,11,14,14
2025-03-02 17:11:28,,,,,,,,,,,,,12,14,17
2025-03-02 17:11:43,,,,,,,,,,,,,10,15,16
2025-03-02 17:11:58,,,,,,,,,,,,,13,19,20
2025-03-02 17:12:13,,,,,,,,,,,,,12,17,19
2025-03-02 17:12:28,,,,,,,,,,,,,11,13,16
2025-03-02 17:12:43,,,,,,,,,,,,,12,16,21
2025-03-02 17:12:58,,,,,,,,,,,,,12,15,17
2025-03-02 17:13:13,,,,,,,,,,,,,11,13,13
2025-03-02 17:13:28,,,,,,,,,,,,,12,17,18
2025-03-02 17:13:43,,,,,,,,,,,,,12,16,16
2025-03-02 17:13:58,,,,,,,,,,,,,12,15,17
2025-03-02 17:14:13,,,,,,,,,,,,,12,14,14
2025-03-02 17:14:28,,,,,,,,,,,,,10,13,14
2025-03-02 17:14:43,,,,,,,,,,,,,13,16,17
2025-03-02 17:14:58,,,,,,,,,,,,,13,17,17
2025-03-02 17:15:13,,,,,,,,,,,,,11,17,17
2025-03-02 17:15:28,,,,,,,,,,,,,11,13,16
2025-03-02 17:15:43,,,,,,,,,,,,,13,16,20
2025-03-02 17:15:58,,,,,,,,,,,,,12,13,16
2025-03-02 17:16:13,,,,,,,,,,,,,13,15,15
2025-03-02 17:16:28,,,,,,,,,,,,,11,13,14
2025-03-02 17:16:43,,,,,,,,,,,,,12,13,16
2025-03-02 17:16:58,,,,,,,,,,,,,12,16,16
2025-03-02 17:17:13,,,,,,,,,,,,,12,16,16
2025-03-02 17:17:28,,,,,,,,,,,,,10,12,15
2025-03-02 17:17:43,,,,,,,,,,,,,11,18,20
2025-03-02 17:17:58,,,,,,,,,,,,,11,18,18
2025-03-02 17:18:13,,,,,,,,,,,,,12,15,15
2025-03-02 17:18:28,,,,,,,,,,,,,12,16,18
2025-03-02 17:18:43,,,,,,,,,,,,,14,17,17
2025-03-02 17:18:58,,,,,,,,,,,,,10,15,15
2025-03-02 17:19:13,,,,,,,,,,,,,11,15,15
2025-03-02 17:19:28,,,,,,,,,,,,,12,15,15
2025-03-02 17:19:43,,,,,,,,,,,,,14,18,20
2025-03-02 17:19:58,,,,,,,,,,,,,15,20,21
2025-03-02 17:20:13,,,,,,,,,,,,,11,18,18
2025-03-02 17:20:29,,,,,,,,,,,,,11,14,14
2025-03-02 17:20:44,,,,,,,,,,,,,11,15,15
2025-03-02 17:20:59,,,,,,,,,,,,,10,13,13
2025-03-02 17:21:14,,,,,,,,,,,,,12,15,16
2025-03-02 17:21:29,,,,,,,,,,,,,12,15,15
2025-03-02 17:21:44,,,,,,,,,,,,,10,11,11
2025-03-02 17:21:59,,,,,,,,,,,,,10,12,12
2025-03-02 17:22:14,,,,,,,,,,,,,12,18,18
2025-03-02 17:22:29,,,,,,,,,,,,,13,16,17
2025-03-02 17:22:44,,,,,,,,,,,,,14,17,19
2025-03-02 17:22:59,,,,,,,,,,,,,11,15,16
2025-03-02 17:23:14,,,,,,,,,,,,,9,15,15
2025-03-02 17:23:29,,,,,,,,,,,,,10,13,13
2025-03-02 17:23:44,,,,,,,,,,,,,10,14,14
2025-03-02 17:23:59,,,,,,,,,,,,,11,14,14
2025-03-02 17:24:14,,,,,,,,,,,,,11,15,15
2025-03-02 17:24:29,,,,,,,,,,,,,12,15,15
2025-03-02 17:24:44,,,,,,,,,,,,,9,12,12
2025-03-02 17:24:59,,,,,,,,,,,,,11,15,16
2025-03-02 17:25:14,,,,,,,,,,,,,11,15,15
2025-03-02 17:25:29,,,,,,,,,,,,,14,17,18
2025-03-02 17:25:44,,,,,,,,,,,,,10,14,14
2025-03-02 17:25:59,,,,,,,,,,,,,12,14,17
2025-03-02 17:26:14,,,,,,,,,,,,,10,14,14
2025-03-02 17:26:29,,,,,,,,,,,,,9,11,11
2025-03-02 17:26:44,,,,,,,,,,,,,12,17,17
2025-03-02 17:26:59,,,,,,,,,,,,,9,15,15
2025-03-02 17:27:14,,,,,,,,,,,,,12,17,17
2025-03-02 17:27:29,,,,,,,,,,,,,10,15,15
2025-03-02 17:27:44,,,,,,,,,,,,,11,14,18
2025-03-02 17:27:59,,,,,,,,,,,,,12,16,17
2025-03-02 17:28:14,,,,,,,,,,,,,12,16,16
2025-03-02 17:28:29,,,,,,,,,,,,,10,12,12
2025-03-02 17:28:44,,,,,,,,,,,,,10,15,18
2025-03-02 17:28:59,,,,,,,,,,,,,11,15,15
2025-03-02 17:29:14,,,,,,,,,,,,,11,14,15
2025-03-02 17:29:29,,,,,,,,,,,,,10,14,14
2025-03-02 17:29:44,,,,,,,,,,,,,11,14,15
2025-03-02 17:29:59,,,,,,,,,,,,,12,17,19
2025-03-02 17:30:14,,,,,,,,,,,,,12,18,18
2025-03-02 17:30:29,,,,,,,,,,,,,13,17,19
2025-03-02 17:30:44,,,,,,,,,,,,,13,16,16
2025-03-02 17:30:59,,,,,,,,,,,,,11,13,13
2025-03-02 17:31:14,,,,,,,,,,,,,11,14,14
2025-03-02 17:31:29,,,,,,,,,,,,,11,17,17
2025-03-02 17:31:44,,,,,,,,,,,,,12,15,15
2025-03-02 17:31:59,,,,,,,,,,,,,11,13,13
2025-03-02 17:32:14,,,,,,,,,,,,,13,20,20
2025-03-02 17:32:29,,,,,,,,,,,,,10,17,19
2025-03-02 17:32:44,,,,,,,,,,,,,12,16,16
2025-03-02 17:32:59,,,,,,,,,,,,,15,19,19
2025-03-02 17:33:14,,,,,,,,,,,,,14,16,17
2025-03-02 17:33:29,,,,,,,,,,,,,12,17,18
2025-03-02 17:33:44,,,,,,,,,,,,,14,18,19
2025-03-02 17:33:59,,,,,,,,,,,,,14,22,23
2025-03-02 17:34:14,,,,,,,,,,,,,12,17,17
2025-03-02 17:34:29,,,,,,,,,,,,,12,16,16
2025-03-02 17:34:44,,,,,,,,,,,,,12,17,19
2025-03-02 17:34:59,,,,,,,,,,,,,12,17,18
2025-03-02 17:35:14,,,,,,,,,,,,,12,16,18
2025-03-02 17:35:29,,,,,,,,,,,,,15,16,16
2025-03-02 17:35:44,,,,,,,,,,,,,12,21,23
2025-03-02 17:35:59,,,,,,,,,,,,,15,20,25
2025-03-02 17:36:14,,,,,,,,,,,,,14,21,23
2025-03-02 17:36:29,,,,,,,,,,,,,16,23,23
2025-03-02 17:36:44,,,,,,,,,,,,,13,19,19
2025-03-02 17:36:59,,,,,,,,,,,,,16,20,22
2025-03-02 17:37:14,,,,,,,,,,,,,17,25,25
2025-03-02 17:37:29,,,,,,,,,,,,,17,24,26
2025-03-02 17:37:44,,,,,,,,,,,,,14,19,19
2025-03-02 17:37:59,,,,,,,,,,,,,16,21,23
2025-03-02 17:38:14,,,,,,,,,,,,,19,25,27
2025-03-02 17:38:29,,,,,,,,,,,,,18,28,28
2025-03-02 17:38:44,,,,,,,,,,,,,17,28,30
2025-03-02 17:38:59,,,,,,,,,,,,,19,25,25
2025-03-02 17:39:15,,,,,,,,,,,,,16,28,29
2025-03-02 17:39:30,,,,,,,,,,,,,19,25,27
2025-03-02 17:39:45,,,,,,,,,,,,,17,25,29
2025-03-02 17:40:00,,,,,,,,,,,,,14,22,24
2025-03-02 17:40:15,,,,,,,,,,,,,17,24,24
2025-03-02 17:40:30,,,,,,,,,,,,,16,26,27
2025-03-02 17:40:45,,,,,,,,,,,,,15,21,21
2025-03-02 17:41:00,,,,,,,,,,,,,17,22,23
2025-03-02 17:41:15,,,,,,,,,,,,,16,21,21
2025-03-02 17:41:30,,,,,,,,,,,,,14,21,24
2025-03-02 17:41:45,,,,,,,,,,,,,14,17,19
2025-03-02 17:42:00,,,,,,,,,,,,,15,21,21
2025-03-02 17:42:15,,,,,,,,,,,,,13,18,22
2025-03-02 17:42:30,,,,,,,,,,,,,15,17,19
2025-03-02 17:42:45,,,,,,,,,,,,,11,16,17
2025-03-02 17:43:00,,,,,,,,,,,,,14,18,19
2025-03-02 17:43:15,,,,,,,,,,,,,15,19,20
2025-03-02 17:43:30,,,,,,,,,,,,,15,19,20
2025-03-02 17:43:45,,,,,,,,,,,,,15,22,22
2025-03-02 17:44:00,,,,,,,,,,,,,11,16,16
2025-03-02 17:44:15,,,,,,,,,,,,,13,20,20
2025-03-02 17:44:30,,,,,,,,,,,,,15,22,24
2025-03-02 17:44:45,,,,,,,,,,,,,13,19,22
2025-03-02 17:45:00,,,,,,,,,,,,,14,18,20
2025-03-02 17:45:15,,,,,,,,,,,,,14,20,22
2025-03-02 17:45:30,,,,,,,,,,,,,14,16,17
2025-03-02 17:45:45,,,,,,,,,,,,,14,17,17
2025-03-02 17:46:00,,,,,,,,,,,,,14,18,18
2025-03-02 17:46:15,,,,,,,,,,,,,14,18,20
2025-03-02 17:46:30,,,,,,,,,,,,,13,17,17
2025-03-02 17:46:45,,,,,,,,,,,,,14,19,19
2025-03-02 17:47:00,,,,,,,,,,,,,14,17,17
2025-03-02 17:47:15,,,,,,,,,,,,,13,16,17
2025-03-02 17:47:30,,,,,,,,,,,,,14,17,21
2025-03-02 17:47:45,,,,,,,,,,,,,13,17,19
2025-03-02 17:48:00,,,,,,,,,,,,,17,21,21
2025-03-02 17:48:15,,,,,,,,,,,,,14,18,20
2025-03-02 17:48:30,,,,,,,,,,,,,13,18,19
2025-03-02 17:48:45,,,,,,,,,,,,,12,16,17
2025-03-02 17:49:00,,,,,,,,,,,,,12,17,19
2025-03-02 17:49:15,,,,,,,,,,,,,11,16,17
2025-03-02 17:49:30,,,,,,,,,,,,,14,18,21
2025-03-02 17:49:45,,,,,,,,,,,,,12,18,19
2025-03-02 17:50:00,,,,,,,,,,,,,14,20,23
2025-03-02 17:50:15,,,,,,,,,,,,,15,23,23
2025-03-02 17:50:30,,,,,,,,,,,,,15,20,23
2025-03-02 17:50:45,,,,,,,,,,,,,13,16,16
2025-03-02 17:51:00,,,,,,,,,,,,,15,18,18
2025-03-02 17:51:15,,,,,,,,,,,,,15,19,19
2025-03-02 17:51:30,,,,,,,,,,,,,12,16,17
2025-03-02 17:51:45,,,,,,,,,,,,,13,18,20
2025-03-02 17:52:00,,,,,,,,,,,,,14,18,20
2025-03-02 17:52:15,,,,,,,,,,,,,15,21,21
2025-03-02 17:52:30,,,,,,,,,,,,,14,22,22
2025-03-02 17:52:45,,,,,,,,,,,,,14,17,17
2025-03-02 17:53:00,,,,,,,,,,,,,11,16,17
2025-03-02 17:53:15,,,,,,,,,,,,,13,19,19
2025-03-02 17:53:30,,,,,,,,,,,,,15,18,18
2025-03-02 17:53:45,,,,,,,,,,,,,13,16,16
2025-03-02 17:54:00,,,,,,,,,,,,,13,15,15
2025-03-02 17:54:15,,,,,,,,,,,,,14,19,19
2025-03-02 17:54:30,,,,,,,,,,,,,10,15,16
2025-03-02 17:54:45,,,,,,,,,,,,,11,16,16
2025-03-02 17:55:00,,,,,,,,,,,,,10,13,15
2025-03-02 17:55:15,,,,,,,,,,,,,11,15,15
2025-03-02 17:55:30,,,,,,,,,,,,,16,19,21
2025-03-02 17:55:45,,,,,,,,,,,,,13,18,18
2025-03-02 17:56:00,,,,,,,,,,,,,13,16,16
2025-03-02 17:56:16,,,,,,,,,,,,,10,12,12
2025-03-02 17:56:31,,,,,,,,,,,,,12,16,17
2025-03-02 17:56:46,,,,,,,,,,,,,11,17,17
2025-03-02 17:57:01,,,,,,,,,,,,,10,16,17
2025-03-02 17:57:16,,,,,,,,,,,,,12,18,18
2025-03-02 17:57:31,,,,,,,,,,,,,13,17,19
2025-03-02 17:57:46,,,,,,,,,,,,,13,20,23
2025-03-02 17:58:01,,,,,,,,,,,,,14,17,18
2025-03-02 17:58:16,,,,,,,,,,,,,14,15,15
2025-03-02 17:58:31,,,,,,,,,,,,,11,14,17
2025-03-02 17:58:46,,,,,,,,,,,,,13,23,26
2025-03-02 17:59:01,,,,,,,,,,,,,14,19,21
2025-03-02 17:59:16,,,,,,,,,,,,,12,17,18
2025-03-02 17:59:31,,,,,,,,,,,,,12,20,20
2025-03-02 17:59:46,,,,,,,,,,,,,13,18,22
2025-03-02 18:00:01,,,,,,,,,,,,,12,16,19
2025-03-02 18:00:16,,,,,,,,,,,,,13,18,18
2025-03-02 18:00:31,,,,,,,,,,,,,11,18,18
2025-03-02 18:00:46,,,,,,,,,,,,,13,17,20
2025-03-02 18:01:01,,,,,,,,,,,,,14,17,20
2025-03-02 18:01:16,,,,,,,,,,,,,13,17,17
2025-03-02 18:01:31,,,,,,,,,,,,,13,16,16
2025-03-02 18:01:46,,,,,,,,,,,,,13,18,18
2025-03-02 18:02:01,,,,,,,,,,,,,10,14,14
2025-03-02 18:02:16,,,,,,,,,,,,,11,15,17
2025-03-02 18:02:31,,,,,,,,,,,,,13,19,21
2025-03-02 18:02:46,,,,,,,,,,,,,12,16,18
2025-03-02 18:03:01,,,,,,,,,,,,,13,21,23
2025-03-02 18:03:16,,,,,,,,,,,,,10,13,13
2025-03-02 18:03:31,,,,,,,,,,,,,12,16,18
2025-03-02 18:03:46,,,,,,,,,,,,,12,17,20
2025-03-02 18:04:01,,,,,,,,,,,,,12,21,22
2025-03-02 18:04:16,,,,,,,,,,,,,10,16,16
2025-03-02 18:04:31,,,,,,,,,,,,,15,19,20
2025-03-02 18:04:46,,,,,,,,,,,,,14,18,20
2025-03-02 18:05:01,,,,,,,,,,,,,13,19,21
2025-03-02 18:05:16,,,,,,,,,,,,,14,17,17
2025-03-02 18:05:31,,,,,,,,,,,,,13,18,20
2025-03-02 18:05:46,,,,,,,,,,,,,11,17,17
2025-03-02 18:06:01,,,,,,,,,,,,,12,17,17
2025-03-02 18:06:16,,,,,,,,,,,,,16,20,20
2025-03-02 18:06:31,,,,,,,,,,,,,14,18,19
2025-03-02 18:06:46,,,,,,,,,,,,,12,18,18
2025-03-02 18:07:01,,,,,,,,,,,,,14,17,17
2025-03-02 18:07:16,,,,,,,,,,,,,12,16,17
2025-03-02 18:07:31,,,,,,,,,,,,,12,18,18
2025-03-02 18:07:46,,,,,,,,,,,,,9,12,12
2025-03-02 18:08:01,,,,,,,,,,,,,11,15,17
2025-03-02 18:08:16,,,,,,,,,,,,,13,18,22
2025-03-02 18:08:31,,,,,,,,,,,,,10,14,14
2025-03-02 18:08:46,,,,,,,,,,,,,11,16,17
2025-03-02 18:09:01,,,,,,,,,,,,,11,14,14
2025-03-02 18:09:16,,,,,,,,,,,,,12,16,16
2025-03-02 18:09:31,,,,,,,,,,,,,12,16,18
2025-03-02 18:09:46,,,,,,,,,,,,,13,21,21
2025-03-02 18:10:01,,,,,,,,,,,,,12,17,17
2025-03-02 18:10:16,,,,,,,,,,,,,13,17,17
2025-03-02 18:10:31,,,,,,,,,,,,,12,16,17
2025-03-02 18:10:46,,,,,,,,,,,,,14,16,18
2025-03-02 18:11:01,,,,,,,,,,,,,14,17,17
2025-03-02 18:11:16,,,,,,,,,,,,,14,17,17
2025-03-02 18:11:31,,,,,,,,,,,,,14,21,21
2025-03-02 18:11:46,,,,,,,,,,,,,11,16,16
2025-03-02 18:12:01,,,,,,,,,,,,,12,18,18
2025-03-02 18:12:16,,,,,,,,,,,,,13,16,16
2025-03-02 18:12:32,,,,,,,,,,,,,13,19,21
2025-03-02 18:12:47,,,,,,,,,,,,,12,18,19
2025-03-02 18:13:02,,,,,,,,,,,,,12,20,22
2025-03-02 18:13:17,,,,,,,,,,,,,11,17,18
2025-03-02 18:13:32,,,,,,,,,,,,,12,16,16
2025-03-02 18:13:47,,,,,,,,,,,,,11,13,13
2025-03-02 18:14:02,,,,,,,,,,,,,15,20,20
2025-03-02 18:14:17,,,,,,,,,,,,,14,18,18
2025-03-02 18:14:32,,,,,,,,,,,,,15,24,29
2025-03-02 18:14:47,,,,,,,,,,,,,14,19,20
2025-03-02 18:15:02,,,,,,,,,,,,,13,18,18
2025-03-02 18:15:17,,,,,,,,,,,,,15,21,21
2025-03-02 18:15:32,,,,,,,,,,,,,12,19,20
2025-03-02 18:15:47,,,,,,,,,,,,,12,18,18
2025-03-02 18:16:02,,,,,,,,,,,,,14,19,19
2025-03-02 18:16:17,,,,,,,,,,,,,14,18,20
2025-03-02 18:16:32,,,,,,,,,,,,,15,20,20
2025-03-02 18:16:47,,,,,,,,,,,,,13,18,20
2025-03-02 18:17:02,,,,,,,,,,,,,12,17,17
2025-03-02 18:17:17,,,,,,,,,,,,,16,21,22
2025-03-02 18:17:32,,,,,,,,,,,,,16,20,21
2025-03-02 18:17:47,,,,,,,,,,,,,15,19,19
2025-03-02 18:18:02,,,,,,,,,,,,,12,16,18
2025-03-02 18:18:17,,,,,,,,,,,,,13,19,19
2025-03-02 18:18:32,,,,,,,,,,,,,12,17,17
2025-03-02 18:18:47,,,,,,,,,,,,,13,18,19
2025-03-02 18:19:02,,,,,,,,,,,,,12,19,20
2025-03-02 18:19:17,,,,,,,,,,,,,12,14,14
2025-03-02 18:19:32,,,,,,,,,,,,,13,20,22
2025-03-02 18:19:47,,,,,,,,,,,,,13,18,18
2025-03-02 18:20:02,,,,,,,,,,,,,15,20,20
2025-03-02 18:20:17,,,,,,,,,,,,,16,25,29
2025-03-02 18:20:32,,,,,,,,,,,,,14,21,23
2025-03-02 18:20:47,,,,,,,,,,,,,16,23,23
2025-03-02 18:21:02,,,,,,,,,,,,,14,19,22
2025-03-02 18:21:17,,,,,,,,,,,,,15,20,24
2025-03-02 18:21:32,,,,,,,,,,,,,14,18,20
2025-03-02 18:21:47,,,,,,,,,,,,,15,20,21
2025-03-02 18:22:02,,,,,,,,,,,,,12,16,17
2025-03-02 18:22:17,,,,,,,,,,,,,14,19,23
2025-03-02 18:22:32,,,,,,,,,,,,,14,22,25
2025-03-02 18:22:47,,,,,,,,,,,,,14,21,22
2025-03-02 18:23:02,,,,,,,,,,,,,15,21,24
2025-03-02 18:23:17,,,,,,,,,,,,,13,19,19
2025-03-02 18:23:32,,,,,,,,,,,,,16,22,22
2025-03-02 18:23:47,,,,,,,,,,,,,15,22,23
2025-03-02 18:24:02,,,,,,,,,,,,,12,19,20
2025-03-02 18:24:17,,,,,,,,,,,,,14,23,25
2025-03-02 18:24:32,,,,,,,,,,,,,15,20,21
2025-03-02 18:24:47,,,,,,,,,,,,,16,25,29
2025-03-02 18:25:02,,,,,,,,,,,,,14,23,24
2025-03-02 18:25:17,,,,,,,,,,,,,15,18,22
2025-03-02 18:25:32,,,,,,,,,,,,,15,18,20
2025-03-02 18:25:47,,,,,,,,,,,,,14,19,21
2025-03-02 18:26:02,,,,,,,,,,,,,12,18,18
2025-03-02 18:26:17,,,,,,,,,,,,,15,26,29
2025-03-02 18:26:32,,,,,,,,,,,,,16,23,29
2025-03-02 18:26:47,,,,,,,,,,,,,15,19,22
2025-03-02 18:27:02,,,,,,,,,,,,,11,16,17
2025-03-02 18:27:17,,,,,,,,,,,,,13,17,17
2025-03-02 18:27:32,,,,,,,,,,,,,15,22,22
2025-03-02 18:27:47,,,,,,,,,,,,,14,19,20
2025-03-02 18:28:02,,,,,,,,,,,,,14,19,21
2025-03-02 18:28:17,,,,,,,,,,,,,15,19,23
2025-03-02 18:28:32,,,,,,,,,,,,,16,20,21
2025-03-02 18:28:47,,,,,,,,,,,,,16,24,28
2025-03-02 18:29:02,,,,,,,,,,,,,17,28,28
2025-03-02 18:29:17,,,,,,,,,,,,,15,22,24
2025-03-02 18:29:32,,,,,,,,,,,,,19,29,32
2025-03-02 18:29:47,,,,,,,,,,,,,13,20,20
2025-03-02 18:30:02,,,,,,,,,,,,,14,17,17
2025-03-02 18:30:17,,,,,,,,,,,,,17,23,23
2025-03-02 18:30:32,,,,,,,,,,,,,17,25,25
2025-03-02 18:30:47,,,,,,,,,,,,,12,17,17
2025-03-02 18:31:02,,,,,,,,,,,,,12,15,15
2025-03-02 18:31:18,,,,,,,,,,,,,12,16,16
2025-03-02 18:31:33,,,,,,,,,,,,,12,18,19
2025-03-02 18:31:48,,,,,,,,,,,,,14,20,22
2025-03-02 18:32:03,,,,,,,,,,,,,12,17,18
2025-03-02 18:32:18,,,,,,,,,,,,,12,23,25
2025-03-02 18:32:33,,,,,,,,,,,,,12,18,22
2025-03-02 18:32:48,,,,,,,,,,,,,12,17,17
2025-03-02 18:33:03,,,,,,,,,,,,,15,21,21
2025-03-02 18:33:18,,,,,,,,,,,,,14,22,23
2025-03-02 18:33:33,,,,,,,,,,,,,12,17,18
2025-03-02 18:33:48,,,,,,,,,,,,,12,16,16
2025-03-02 18:34:03,,,,,,,,,,,,,12,20,21
2025-03-02 18:34:18,,,,,,,,,,,,,10,19,21
2025-03-02 18:34:33,,,,,,,,,,,,,11,20,22
2025-03-02 18:34:48,,,,,,,,,,,,,13,17,18
2025-03-02 18:35:03,,,,,,,,,,,,,11,17,17
2025-03-02 18:35:18,,,,,,,,,,,,,13,18,19
2025-03-02 18:35:33,,,,,,,,,,,,,14,17,17
2025-03-02 18:35:48,,,,,,,,,,,,,14,20,24
2025-03-02 18:36:03,,,,,,,,,,,,,13,25,27
2025-03-02 18:36:18,,,,,,,,,,,,,12,19,19
2025-03-02 18:36:33,,,,,,,,,,,,,13,15,15
2025-03-02 18:36:48,,,,,,,,,,,,,14,18,18
2025-03-02 18:37:03,,,,,,,,,,,,,14,20,20
2025-03-02 18:37:18,,,,,,,,,,,,,14,24,24
2025-03-02 18:37:33,,,,,,,,,,,,,13,18,22
2025-03-02 18:37:48,,,,,,,,,,,,,13,19,21
2025-03-02 18:38:03,,,,,,,,,,,,,13,18,20
2025-03-02 18:38:18,,,,,,,,,,,,,13,18,18
2025-03-02 18:38:33,,,,,,,,,,,,,11,17,18
2025-03-02 18:38:48,,,,,,,,,,,,,15,21,21
2025-03-02 18:39:03,,,,,,,,,,,,,11,17,18
2025-03-02 18:39:18,,,,,,,,,,,,,13,19,20
2025-03-02 18:39:33,,,,,,,,,,,,,14,21,22
2025-03-02 18:39:48,,,,,,,,,,,,,13,18,21
2025-03-02 18:40:03,,,,,,,,,,,,,16,21,21
2025-03-02 18:40:18,,,,,,,,,,,,,15,20,21
2025-03-02 18:40:33,,,,,,,,,,,,,15,24,24
2025-03-02 18:40:48,,,,,,,,,,,,,14,21,21
2025-03-02 18:41:03,,,,,,,,,,,,,12,19,21
2025-03-02 18:41:18,,,,,,,,,,,,,14,20,23
2025-03-02 18:41:33,,,,,,,,,,,,,15,23,23
2025-03-02 18:41:48,,,,,,,,,,,,,14,18,18
2025-03-02 18:42:03,,,,,,,,,,,,,14,17,21
2025-03-02 18:42:18,,,,,,,,,,,,,16,23,25
2025-03-02 18:42:33,,,,,,,,,,,,,15,18,18
2025-03-02 18:42:48,,,,,,,,,,,,,13,18,19
2025-03-02 18:43:03,,,,,,,,,,,,,11,16,18
2025-03-02 18:43:18,,,,,,,,,,,,,13,19,22
2025-03-02 18:43:33,,,,,,,,,,,,,14,21,22
2025-03-02 18:43:48,,,,,,,,,,,,,13,18,19
2025-03-02 18:44:03,,,,,,,,,,,,,12,17,18
2025-03-02 18:44:18,,,,,,,,,,,,,14,21,22
2025-03-02 18:44:33,,,,,,,,,,,,,13,23,23
2025-03-02 18:44:48,,,,,,,,,,,,,14,19,21
2025-03-02 18:45:03,,,,,,,,,,,,,14,23,26
2025-03-02 18:45:18,,,,,,,,,,,,,13,20,22
2025-03-02 18:45:33,,,,,,,,,,,,,16,21,23
2025-03-02 18:45:48,,,,,,,,,,,,,14,19,20
2025-03-02 18:46:03,,,,,,,,,,,,,15,21,24
2025-03-02 18:46:18,,,,,,,,,,,,,15,26,30
2025-03-02 18:46:33,,,,,,,,,,,,,11,20,21
2025-03-02 18:46:48,,,,,,,,,,,,,15,21,25
2025-03-02 18:47:03,,,,,,,,,,,,,14,18,20
2025-03-02 18:47:18,,,,,,,,,,,,,14,22,22
2025-03-02 18:47:33,,,,,,,,,,,,,14,20,20
2025-03-02 18:47:48,,,,,,,,,,,,,15,21,21
2025-03-02 18:48:03,,,,,,,,,,,,,15,20,23
2025-03-02 18:48:18,,,,,,,,,,,,,13,21,21
2025-03-02 18:48:33,,,,,,,,,,,,,13,24,25
2025-03-02 18:48:48,,,,,,,,,,,,,16,24,24
2025-03-02 18:49:03,,,,,,,,,,,,,14,22,23
2025-03-02 18:49:18,,,,,,,,,,,,,15,19,19
2025-03-02 18:49:33,,,,,,,,,,,,,12,15,18
2025-03-02 18:49:48,,,,,,,,,,,,,13,20,25
2025-03-02 18:50:03,,,,,,,,,,,,,13,22,24
2025-03-02 18:50:18,,,,,,,,,,,,,17,22,22
2025-03-02 18:50:33,,,,,,,,,,,,,14,25,25
2025-03-02 18:50:48,,,,,,,,,,,,,16,23,23
2025-03-02 18:51:03,,,,,,,,,,,,,15,21,21
2025-03-02 18:51:18,,,,,,,,,,,,,16,21,22
2025-03-02 18:51:33,,,,,,,,,,,,,14,24,28
2025-03-02 18:51:48,,,,,,,,,,,,,12,16,18
2025-03-02 18:52:03,,,,,,,,,,,,,16,20,20
2025-03-02 18:52:18,,,,,,,,,,,,,14,23,24
2025-03-02 18:52:33,,,,,,,,,,,,,12,17,18
2025-03-02 18:52:48,,,,,,,,,,,,,12,18,18
2025-03-02 18:53:03,,,,,,,,,,,,,11,17,21
2025-03-02 18:53:18,,,,,,,,,,,,,12,18,18
2025-03-02 18:53:33,,,,,,,,,,,,,12,19,21
2025-03-02 18:53:49,,,,,,,,,,,,,13,19,21
2025-03-02 18:54:04,,,,,,,,,,,,,14,21,23
2025-03-02 18:54:19,,,,,,,,,,,,,14,21,21
2025-03-02 18:54:34,,,,,,,,,,,,,12,17,20
2025-03-02 18:54:49,,,,,,,,,,,,,14,18,18
2025-03-02 18:55:04,,,,,,,,,,,,,11,16,16
2025-03-02 18:55:19,,,,,,,,,,,,,16,21,22
2025-03-02 18:55:34,,,,,,,,,,,,,12,19,21
2025-03-02 18:55:49,,,,,,,,,,,,,15,19,20
2025-03-02 18:56:04,,,,,,,,,,,,,16,21,21
2025-03-02 18:56:19,,,,,,,,,,,,,16,19,22
2025-03-02 18:56:34,,,,,,,,,,,,,12,19,22
2025-03-02 18:56:49,,,,,,,,,,,,,16,23,29
2025-03-02 18:57:04,,,,,,,,,,,,,11,17,19
2025-03-02 18:57:19,,,,,,,,,,,,,13,18,18
2025-03-02 18:57:34,,,,,,,,,,,,,14,20,20
2025-03-02 18:57:49,,,,,,,,,,,,,16,19,19
2025-03-02 18:58:04,,,,,,,,,,,,,15,27,31
2025-03-02 18:58:19,,,,,,,,,,,,,15,22,22
2025-03-02 18:58:34,,,,,,,,,,,,,14,20,21
2025-03-02 18:58:49,,,,,,,,,,,,,14,21,23
2025-03-02 18:59:04,,,,,,,,,,,,,15,25,26
2025-03-02 18:59:19,,,,,,,,,,,,,15,23,25
2025-03-02 18:59:34,,,,,,,,,,,,,15,23,23
2025-03-02 18:59:49,,,,,,,,,,,,,15,20,20
2025-03-02 19:00:04,,,,,,,,,,,,,14,24,28
2025-03-02 19:00:19,,,,,,,,,,,,,14,19,19
2025-03-02 19:00:34,,,,,,,,,,,,,15,18,18
2025-03-02 19:00:49,,,,,,,,,,,,,16,21,21
2025-03-02 19:01:04,,,,,,,,,,,,,15,21,22
2025-03-02 19:01:19,,,,,,,,,,,,,18,25,26
2025-03-02 19:01:34,,,,,,,,,,,,,15,25,25
2025-03-02 19:01:49,,,,,,,,,,,,,16,22,22
2025-03-02 19:02:04,,,,,,,,,,,,,16,24,24
2025-03-02 19:02:19,,,,,,,,,,,,,17,24,26
2025-03-02 19:02:34,,,,,,,,,,,,,18,28,30
2025-03-02 19:02:49,,,,,,,,,,,,,17,22,24
2025-03-02 19:03:04,,,,,,,,,,,,,18,26,29
2025-03-02 19:03:19,,,,,,,,,,,,,15,24,24
2025-03-02 19:03:34,,,,,,,,,,,,,12,19,19
2025-03-02 19:03:49,,,,,,,,,,,,,17,22,23
2025-03-02 19:04:04,,,,,,,,,,,,,14,20,20
2025-03-02 19:04:19,,,,,,,,,,,,,15,21,21
2025-03-02 19:04:34,,,,,,,,,,,,,16,21,22
2025-03-02 19:04:49,,,,,,,,,,,,,19,25,28
2025-03-02 19:05:04,,,,,,,,,,,,,16,22,24
2025-03-02 19:05:19,,,,,,,,,,,,,14,19,19
2025-03-02 19:05:34,,,,,,,,,,,,,16,22,22
2025-03-02 19:05:49,,,,,,,,,,,,,19,25,25
2025-03-02 19:06:04,,,,,,,,,,,,,17,24,24
2025-03-02 19:06:19,,,,,,,,,,,,,17,26,28
2025-03-02 19:06:34,,,,,,,,,,,,,16,21,23
2025-03-02 19:06:49,,,,,,,,,,,,,15,21,21
2025-03-02 19:07:04,,,,,,,,,,,,,15,19,21
2025-03-02 19:07:19,,,,,,,,,,,,,15,20,22
2025-03-02 19:07:34,,,,,,,,,,,,,16,21,25
2025-03-02 19:07:49,,,,,,,,,,,,,14,19,21
2025-03-02 19:08:04,,,,,,,,,,,,,15,20,20
2025-03-02 19:08:19,,,,,,,,,,,,,14,24,27
2025-03-02 19:08:34,,,,,,,,,,,,,16,21,24
2025-03-02 19:08:49,,,,,,,,,,,,,13,24,24
2025-03-02 19:09:04,,,,,,,,,,,,,16,23,23
2025-03-02 19:09:19,,,,,,,,,,,,,16,25,27
2025-03-02 19:09:34,,,,,,,,,,,,,15,20,20
2025-03-02 19:09:49,,,,,,,,,,,,,16,21,22
2025-03-02 19:10:04,,,,,,,,,,,,,18,24,25
2025-03-02 19:10:19,,,,,,,,,,,,,16,24,27
2025-03-02 19:10:34,,,,,,,,,,,,,18,26,26
2025-03-02 19:10:49,,,,,,,,,,,,,15,22,22
2025-03-02 19:11:04,,,,,,,,,,,,,17,24,25
2025-03-02 19:11:19,,,,,,,,,,,,,15,29,30
2025-03-02 19:11:34,,,,,,,,,,,,,18,24,25
2025-03-02 19:11:49,,,,,,,,,,,,,20,26,26
2025-03-02 19:12:04,,,,,,,,,,,,,19,31,31
2025-03-02 19:12:19,,,,,,,,,,,,,18,29,31
2025-03-02 19:12:34,,,,,,,,,,,,,18,24,24
2025-03-02 19:12:49,,,,,,,,,,,,,19,28,32
2025-03-02 19:13:04,,,,,,,,,,,,,17,26,27
2025-03-02 19:13:19,,,,,,,,,,,,,18,28,29
2025-03-02 19:13:34,,,,,,,,,,,,,17,24,25
2025-03-02 19:13:49,,,,,,,,,,,,,19,27,29
2025-03-02 19:14:04,,,,,,,,,,,,,19,34,37
2025-03-02 19:14:19,,,,,,,,,,,,,20,28,32
2025-03-02 19:14:34,,,,,,,,,,,,,18,24,24
2025-03-02 19:14:49,,,,,,,,,,,,,19,24,26
2025-03-02 19:15:04,,,,,,,,,,,,,21,34,36
2025-03-02 19:15:19,,,,,,,,,,,,,19,31,33
2025-03-02 19:15:34,,,,,,,,,,,,,18,29,30
2025-03-02 19:15:49,,,,,,,,,,,,,16,29,32
2025-03-02 19:16:04,,,,,,,,,,,,,16,19,24
2025-03-02 19:16:20,,,,,,,,,,,,,16,26,27
2025-03-02 19:16:35,,,,,,,,,,,,,17,23,24
2025-03-02 19:16:50,,,,,,,,,,,,,15,32,32
2025-03-02 19:17:05,,,,,,,,,,,,,17,26,29
2025-03-02 19:17:20,,,,,,,,,,,,,18,29,29
2025-03-02 19:17:35,,,,,,,,,,,,,18,24,24
2025-03-02 19:17:50,,,,,,,,,,,,,17,28,31
2025-03-02 19:18:05,,,,,,,,,,,,,17,28,28
2025-03-02 19:18:20,,,,,,,,,,,,,16,29,29
2025-03-02 19:18:35,,,,,,,,,,,,,17,22,28
2025-03-02 19:18:50,,,,,,,,,,,,,15,27,29
2025-03-02 19:19:05,,,,,,,,,,,,,17,27,29
2025-03-02 19:19:20,,,,,,,,,,,,,16,21,21
2025-03-02 19:19:35,,,,,,,,,,,,,17,20,20
2025-03-02 19:19:50,,,,,,,,,,,,,17,22,23
2025-03-02 19:20:05,,,,,,,,,,,,,15,20,23
2025-03-02 19:20:20,,,,,,,,,,,,,16,27,31
2025-03-02 19:20:35,,,,,,,,,,,,,18,26,28
2025-03-02 19:20:50,,,,,,,,,,,,,20,29,29
2025-03-02 19:21:05,,,,,,,,,,,,,20,26,28
2025-03-02 19:21:20,,,,,,,,,,,,,23,36,42
2025-03-02 19:21:35,,,,,,,,,,,,,23,36,40
2025-03-02 19:21:50,,,,,,,,,,,,,20,27,28
2025-03-02 19:22:05,,,,,,,,,,,,,17,22,23
2025-03-02 19:22:20,,,,,,,,,,,,,18,30,32
2025-03-02 19:22:35,,,,,,,,,,,,,18,27,27
2025-03-02 19:22:50,,,,,,,,,,,,,17,28,29
2025-03-02 19:23:05,,,,,,,,,,,,,18,33,37
2025-03-02 19:23:20,,,,,,,,,,,,,18,28,29
2025-03-02 19:23:35,,,,,,,,,,,,,18,26,30
2025-03-02 19:23:50,,,,,,,,,,,,,18,28,30
2025-03-02 19:24:05,,,,,,,,,,,,,17,24,26
2025-03-02 19:24:20,,,,,,,,,,,,,18,28,29
2025-03-02 19:24:35,,,,,,,,,,,,,17,27,27
2025-03-02 19:24:50,,,,,,,,,,,,,18,27,27
2025-03-02 19:25:05,,,,,,,,,,,,,18,30,31
2025-03-02 19:25:20,,,,,,,,,,,,,18,25,25
2025-03-02 19:25:35,,,,,,,,,,,,,20,27,30
2025-03-02 19:25:50,,,,,,,,,,,,,18,26,26
2025-03-02 19:26:05,,,,,,,,,,,,,17,27,27
2025-03-02 19:26:20,,,,,,,,,,,,,16,24,25
2025-03-02 19:26:35,,,,,,,,,,,,,15,21,29
2025-03-02 19:26:50,,,,,,,,,,,,,15,22,28
2025-03-02 19:27:05,,,,,,,,,,,,,18,24,24
2025-03-02 19:27:20,,,,,,,,,,,,,16,23,23
2025-03-02 19:27:35,,,,,,,,,,,,,17,24,27
2025-03-02 19:27:50,,,,,,,,,,,,,19,31,32
2025-03-02 19:28:05,,,,,,,,,,,,,15,27,28
2025-03-02 19:28:20,,,,,,,,,,,,,17,26,29
2025-03-02 19:28:35,,,,,,,,,,,,,19,28,28
2025-03-02 19:28:50,,,,,,,,,,,,,17,24,25
2025-03-02 19:29:05,,,,,,,,,,,,,18,23,24
2025-03-02 19:29:20,,,,,,,,,,,,,17,27,27
2025-03-02 19:29:35,,,,,,,,,,,,,19,27,28
2025-03-02 19:29:50,,,,,,,,,,,,,20,27,27
2025-03-02 19:30:05,,,,,,,,,,,,,16,29,31
2025-03-02 19:30:20,,,,,,,,,,,,,18,24,24
2025-03-02 19:30:35,,,,,,,,,,,,,17,22,24
2025-03-02 19:30:50,,,,,,,,,,,,,18,29,33
2025-03-02 19:31:05,,,,,,,,,,,,,19,27,29
2025-03-02 19:31:20,,,,,,,,,,,,,16,24,26
2025-03-02 19:31:35,,,,,,,,,,,,,17,24,24
2025-03-02 19:31:50,,,,,,,,,,,,,15,23,24
2025-03-02 19:32:05,,,,,,,,,,,,,18,29,31
2025-03-02 19:32:20,,,,,,,,,,,,,19,30,33
2025-03-02 19:32:35,,,,,,,,,,,,,16,23,24
2025-03-02 19:32:50,,,,,,,,,,,,,19,29,30
2025-03-02 19:33:05,,,,,,,,,,,,,15,20,20
2025-03-02 19:33:20,,,,,,,,,,,,,16,25,30
2025-03-02 19:33:35,,,,,,,,,,,,,15,23,24
2025-03-02 19:33:50,,,,,,,,,,,,,18,26,27
2025-03-02 19:34:05,,,,,,,,,,,,,19,31,36
2025-03-02 19:34:20,,,,,,,,,,,,,19,30,33
2025-03-02 19:34:36,,,,,,,,,,,,,15,19,21
2025-03-02 19:34:51,,,,,,,,,,,,,19,27,32
2025-03-02 19:35:06,,,,,,,,,,,,,16,22,22
2025-03-02 19:35:21,,,,,,,,,,,,,15,26,26
2025-03-02 19:35:36,,,,,,,,,,,,,17,31,31
2025-03-02 19:35:51,,,,,,,,,,,,,15,24,24
2025-03-02 19:36:06,,,,,,,,,,,,,16,22,22
2025-03-02 19:36:21,,,,,,,,,,,,,16,23,23
2025-03-02 19:36:36,,,,,,,,,,,,,15,23,23
2025-03-02 19:36:51,,,,,,,,,,,,,15,25,26
2025-03-02 19:37:06,,,,,,,,,,,,,16,24,25
2025-03-02 19:37:21,,,,,,,,,,,,,15,26,28
2025-03-02 19:37:36,,,,,,,,,,,,,17,29,34
2025-03-02 19:37:51,,,,,,,,,,,,,15,20,27
2025-03-02 19:38:06,,,,,,,,,,,,,14,26,28
2025-03-02 19:38:21,,,,,,,,,,,,,15,25,26
2025-03-02 19:38:36,,,,,,,,,,,,,15,20,20
2025-03-02 19:38:51,,,,,,,,,,,,,19,28,33
2025-03-02 19:39:06,,,,,,,,,,,,,17,28,29
2025-03-02 19:39:21,,,,,,,,,,,,,14,21,21
2025-03-02 19:39:36,,,,,,,,,,,,,14,26,26
2025-03-02 19:39:51,,,,,,,,,,,,,16,26,29
2025-03-02 19:40:06,,,,,,,,,,,,,15,20,20
2025-03-02 19:40:21,,,,,,,,,,,,,14,22,22
2025-03-02 19:40:36,,,,,,,,,,,,,15,22,22
2025-03-02 19:40:51,,,,,,,,,,,,,15,21,23
2025-03-02 19:41:06,,,,,,,,,,,,,15,20,23
2025-03-02 19:41:21,,,,,,,,,,,,,18,26,26
2025-03-02 19:41:36,,,,,,,,,,,,,16,23,23
2025-03-02 19:41:51,,,,,,,,,,,,,15,22,22
2025-03-02 19:42:06,,,,,,,,,,,,,16,24,24
2025-03-02 19:42:21,,,,,,,,,,,,,17,24,25
2025-03-02 19:42:36,,,,,,,,,,,,,16,22,22
2025-03-02 19:42:51,,,,,,,,,,,,,14,22,23
2025-03-02 19:43:06,,,,,,,,,,,,,13,22,24
2025-03-02 19:43:21,,,,,,,,,,,,,17,25,28
2025-03-02 19:43:36,,,,,,,,,,,,,15,24,24
2025-03-02 19:43:51,,,,,,,,,,,,,16,23,26
2025-03-02 19:44:06,,,,,,,,,,,,,14,20,21
2025-03-02 19:44:21,,,,,,,,,,,,,14,26,27
2025-03-02 19:44:36,,,,,,,,,,,,,16,26,27
2025-03-02 19:44:51,,,,,,,,,,,,,17,23,24
2025-03-02 19:45:06,,,,,,,,,,,,,15,20,20
2025-03-02 19:45:21,,,,,,,,,,,,,15,21,21
2025-03-02 19:45:36,,,,,,,,,,,,,15,22,25
2025-03-02 19:45:51,,,,,,,,,,,,,15,22,25
2025-03-02 19:46:06,,,,,,,,,,,,,16,31,33
2025-03-02 19:46:21,,,,,,,,,,,,,16,28,32
2025-03-02 19:46:36,,,,,,,,,,,,,18,31,31
2025-03-02 19:46:51,,,,,,,,,,,,,15,24,25
2025-03-02 19:47:06,,,,,,,,,,,,,17,24,24
2025-03-02 19:47:21,,,,,,,,,,,,,17,29,31
2025-03-02 19:47:36,,,,,,,,,,,,,19,26,27
2025-03-02 19:47:51,,,,,,,,,,,,,15,22,27
2025-03-02 19:48:06,,,,,,,,,,,,,16,24,26
2025-03-02 19:48:21,,,,,,,,,,,,,18,31,31
2025-03-02 19:48:36,,,,,,,,,,,,,19,30,32
2025-03-02 19:48:51,,,,,,,,,,,,,18,35,35
2025-03-02 19:49:06,,,,,,,,,,,,,21,35,36
2025-03-02 19:49:21,,,,,,,,,,,,,20,30,32
2025-03-02 19:49:36,,,,,,,,,,,,,17,22,26
2025-03-02 19:49:51,,,,,,,,,,,,,20,29,33
2025-03-02 19:50:06,,,,,,,,,,,,,19,29,31
2025-03-02 19:50:21,,,,,,,,,,,,,20,34,38
2025-03-02 19:50:36,,,,,,,,,,,,,17,27,28
2025-03-02 19:50:51,,,,,,,,,,,,,19,33,35
2025-03-02 19:51:06,,,,,,,,,,,,,20,31,33
2025-03-02 19:51:21,,,,,,,,,,,,,18,30,30
2025-03-02 19:51:36,,,,,,,,,,,,,18,33,33
2025-03-02 19:51:51,,,,,,,,,,,,,15,26,28
2025-03-02 19:52:06,,,,,,,,,,,,,17,27,29
2025-03-02 19:52:21,,,,,,,,,,,,,18,27,27
2025-03-02 19:52:36,,,,,,,,,,,,,18,24,27
2025-03-02 19:52:52,,,,,,,,,,,,,19,25,25
2025-03-02 19:53:07,,,,,,,,,,,,,16,23,28
2025-03-02 19:53:22,,,,,,,,,,,,,18,26,31
2025-03-02 19:53:37,,,,,,,,,,,,,20,28,29
2025-03-02 19:53:52,,,,,,,,,,,,,17,24,24
2025-03-02 19:54:07,,,,,,,,,,,,,19,30,31
2025-03-02 19:54:22,,,,,,,,,,,,,14,25,29
2025-03-02 19:54:37,,,,,,,,,,,,,19,27,29
2025-03-02 19:54:52,,,,,,,,,,,,,19,29,29
2025-03-02 19:55:07,,,,,,,,,,,,,18,28,29
2025-03-02 19:55:22,,,,,,,,,,,,,18,29,30
2025-03-02 19:55:37,,,,,,,,,,,,,16,23,24
2025-03-02 19:55:52,,,,,,,,,,,,,16,23,23
2025-03-02 19:56:07,,,,,,,,,,,,,16,22,22
2025-03-02 19:56:22,,,,,,,,,,,,,17,26,30
2025-03-02 19:56:37,,,,,,,,,,,,,16,22,27
2025-03-02 19:56:52,,,,,,,,,,,,,20,32,32
2025-03-02 19:57:07,,,,,,,,,,,,,19,28,30
2025-03-02 19:57:22,,,,,,,,,,,,,15,24,25
2025-03-02 19:57:37,,,,,,,,,,,,,18,31,31
2025-03-02 19:57:52,,,,,,,,,,,,,16,29,29
2025-03-02 19:58:07,,,,,,,,,,,,,17,28,29
2025-03-02 19:58:22,,,,,,,,,,,,,18,30,35
2025-03-02 19:58:37,,,,,,,,,,,,,18,25,27
2025-03-02 19:58:52,,,,,,,,,,,,,17,29,31
2025-03-02 19:59:07,,,,,,,,,,,,,18,25,30
2025-03-02 19:59:22,,,,,,,,,,,,,19,28,30
2025-03-02 19:59:37,,,,,,,,,,,,,17,28,35
2025-03-02 19:59:52,,,,,,,,,,,,,20,32,32
2025-03-02 20:00:07,,,,,,,,,,,,,18,26,30
2025-03-02 20:00:22,,,,,,,,,,,,,17,28,30
2025-03-02 20:00:37,,,,,,,,,,,,,17,26,29
2025-03-02 20:00:52,,,,,,,,,,,,,18,30,31
2025-03-02 20:01:07,,,,,,,,,,,,,14,25,29
2025-03-02 20:01:22,,,,,,,,,,,,,20,27,28
2025-03-02 20:01:37,,,,,,,,,,,,,16,28,28
2025-03-02 20:01:52,,,,,,,,,,,,,17,25,25
2025-03-02 20:02:07,,,,,,,,,,,,,18,26,28
2025-03-02 20:02:22,,,,,,,,,,,,,17,32,32
2025-03-02 20:02:37,,,,,,,,,,,,,15,24,27
2025-03-02 20:02:52,,,,,,,,,,,,,18,27,28
2025-03-02 20:03:07,,,,,,,,,,,,,19,28,29
2025-03-02 20:03:22,,,,,,,,,,,,,19,34,36
2025-03-02 20:03:37,,,,,,,,,,,,,18,30,32
2025-03-02 20:03:52,,,,,,,,,,,,,17,24,26
2025-03-02 20:04:07,,,,,,,,,,,,,16,24,25
2025-03-02 20:04:22,,,,,,,,,,,,,17,30,36
2025-03-02 20:04:37,,,,,,,,,,,,,16,25,25
2025-03-02 20:04:52,,,,,,,,,,,,,17,33,34
2025-03-02 20:05:07,,,,,,,,,,,,,14,27,29
2025-03-02 20:05:22,,,,,,,,,,,,,15,23,24
2025-03-02 20:05:37,,,,,,,,,,,,,18,33,33
2025-03-02 20:05:52,,,,,,,,,,,,,18,28,28
2025-03-02 20:06:07,,,,,,,,,,,,,17,29,32
2025-03-02 20:06:22,,,,,,,,,,,,,16,27,30
2025-03-02 20:06:37,,,,,,,,,,,,,19,26,29
2025-03-02 20:06:52,,,,,,,,,,,,,18,32,35
2025-03-02 20:07:07,,,,,,,,,,,,,17,26,29
2025-03-02 20:07:22,,,,,,,,,,,,,20,28,31
2025-03-02 20:07:37,,,,,,,,,,,,,20,32,34
2025-03-02 20:07:52,,,,,,,,,,,,,19,26,28
2025-03-02 20:08:07,,,,,,,,,,,,,18,26,29
2025-03-02 20:08:22,,,,,,,,,,,,,18,27,29
2025-03-02 20:08:37,,,,,,,,,,,,,18,29,31
2025-03-02 20:08:52,,,,,,,,,,,,,19,30,31
2025-03-02 20:09:07,,,,,,,,,,,,,20,27,27
2025-03-02 20:09:22,,,,,,,,,,,,,19,31,34
2025-03-02 20:09:38,,,,,,,,,,,,,17,29,34
2025-03-02 20:09:53,,,,,,,,,,,,,16,30,30
2025-03-02 20:10:08,,,,,,,,,,,,,14,26,26
2025-03-02 20:10:23,,,,,,,,,,,,,15,24,27
2025-03-02 20:10:38,,,,,,,,,,,,,16,26,26
2025-03-02 20:10:53,,,,,,,,,,,,,21,36,38
2025-03-02 20:11:08,,,,,,,,,,,,,17,23,23
2025-03-02 20:11:38,,,,,,,,,,,,,17,32,35
2025-03-02 20:11:53,,,,,,,,,,,,,18,30,30
2025-03-02 20:12:08,,,,,,,,,,,,,21,28,30
2025-03-02 20:12:23,,,,,,,,,,,,,17,27,28
2025-03-02 20:12:38,,,,,,,,,,,,,15,24,27
2025-03-02 20:12:53,,,,,,,,,,,,,16,27,28
2025-03-02 20:13:08,,,,,,,,,,,,,18,30,30
2025-03-02 20:13:23,,,,,,,,,,,,,18,28,32
2025-03-02 20:13:38,,,,,,,,,,,,,19,35,35
2025-03-02 20:13:53,,,,,,,,,,,,,17,27,27
2025-03-02 20:14:08,,,,,,,,,,,,,17,27,29
2025-03-02 20:14:23,,,,,,,,,,,,,19,30,33
2025-03-02 20:14:38,,,,,,,,,,,,,20,33,33
2025-03-02 20:14:53,,,,,,,,,,,,,17,24,27
2025-03-02 20:15:08,,,,,,,,,,,,,18,33,34
2025-03-02 20:15:23,,,,,,,,,,,,,17,29,29
2025-03-02 20:15:38,,,,,,,,,,,,,18,27,31
2025-03-02 20:15:53,,,,,,,,,,,,,17,28,29
2025-03-02 20:16:08,,,,,,,,,,,,,18,27,35
2025-03-02 20:16:23,,,,,,,,,,,,,20,29,29
2025-03-02 20:16:38,,,,,,,,,,,,,17,25,25
2025-03-02 20:16:53,,,,,,,,,,,,,19,33,34
2025-03-02 20:17:08,,,,,,,,,,,,,19,28,30
2025-03-02 20:17:23,,,,,,,,,,,,,17,30,35
2025-03-02 20:17:38,,,,,,,,,,,,,19,29,31
2025-03-02 20:17:53,,,,,,,,,,,,,19,28,31
2025-03-02 20:18:08,,,,,,,,,,,,,21,37,38
2025-03-02 20:18:23,,,,,,,,,,,,,20,32,33
2025-03-02 20:18:38,,,,,,,,,,,,,20,34,35
2025-03-02 20:18:53,,,,,,,,,,,,,20,29,32
2025-03-02 20:19:08,,,,,,,,,,,,,20,34,34
2025-03-02 20:19:23,,,,,,,,,,,,,20,34,35
2025-03-02 20:19:38,,,,,,,,,,,,,20,33,37
2025-03-02 20:19:53,,,,,,,,,,,,,20,30,30
2025-03-02 20:20:08,,,,,,,,,,,,,27,43,45
2025-03-02 20:20:23,,,,,,,,,,,,,21,35,38
2025-03-02 20:20:38,,,,,,,,,,,,,20,27,27
2025-03-02 20:20:53,,,,,,,,,,,,,25,42,42
2025-03-02 20:21:08,,,,,,,,,,,,,23,36,42
2025-03-02 20:21:23,,,,,,,,,,,,,19,32,32
2025-03-02 20:21:38,,,,,,,,,,,,,24,35,35
2025-03-02 20:21:53,,,,,,,,,,,,,23,32,39
2025-03-02 20:22:08,,,,,,,,,,,,,21,37,38
2025-03-02 20:22:23,,,,,,,,,,,,,20,28,30
2025-03-02 20:22:38,,,,,,,,,,,,,18,28,28
2025-03-02 20:22:53,,,,,,,,,,,,,16,27,30
2025-03-02 20:23:08,,,,,,,,,,,,,17,26,32
2025-03-02 20:23:23,,,,,,,,,,,,,19,35,37
2025-03-02 20:23:38,,,,,,,,,,,,,18,29,32
2025-03-02 20:23:53,,,,,,,,,,,,,20,31,32
2025-03-02 20:24:08,,,,,,,,,,,,,18,27,27
2025-03-02 20:24:23,,,,,,,,,,,,,19,28,28
2025-03-02 20:24:38,,,,,,,,,,,,,19,31,34
2025-03-02 20:24:53,,,,,,,,,,,,,22,35,36
2025-03-02 20:25:08,,,,,,,,,,,,,23,33,33
2025-03-02 20:25:23,,,,,,,,,,,,,21,34,38
2025-03-02 20:25:38,,,,,,,,,,,,,19,27,27
2025-03-02 20:25:53,,,,,,,,,,,,,22,29,30
2025-03-02 20:26:08,,,,,,,,,,,,,19,31,34
2025-03-02 20:26:23,,,,,,,,,,,,,21,36,38
2025-03-02 20:26:38,,,,,,,,,,,,,18,26,26
2025-03-02 20:26:53,,,,,,,,,,,,,21,35,35
2025-03-02 20:27:09,,,,,,,,,,,,,22,32,36
2025-03-02 20:27:24,,,,,,,,,,,,,18,29,29
2025-03-02 20:27:39,,,,,,,,,,,,,19,36,39
2025-03-02 20:27:54,,,,,,,,,,,,,18,28,28
2025-03-02 20:28:09,,,,,,,,,,,,,17,31,33
2025-03-02 20:28:24,,,,,,,,,,,,,21,35,35
2025-03-02 20:28:39,,,,,,,,,,,,,21,37,40
2025-03-02 20:28:54,,,,,,,,,,,,,22,33,36
2025-03-02 20:29:09,,,,,,,,,,,,,18,31,32
2025-03-02 20:29:24,,,,,,,,,,,,,18,32,33
2025-03-02 20:29:39,,,,,,,,,,,,,17,33,33
2025-03-02 20:29:54,,,,,,,,,,,,,17,29,32
2025-03-02 20:30:09,,,,,,,,,,,,,22,35,37
2025-03-02 20:30:24,,,,,,,,,,,,,18,27,27
2025-03-02 20:30:39,,,,,,,,,,,,,19,28,31
2025-03-02 20:30:54,,,,,,,,,,,,,18,27,30
2025-03-02 20:31:09,,,,,,,,,,,,,18,28,29
2025-03-02 20:31:24,,,,,,,,,,,,,18,27,27
2025-03-02 20:31:39,,,,,,,,,,,,,18,30,30
2025-03-02 20:31:54,,,,,,,,,,,,,20,35,36
2025-03-02 20:32:09,,,,,,,,,,,,,17,31,32
2025-03-02 20:32:24,,,,,,,,,,,,,20,36,38
2025-03-02 20:32:54,,,,,,,,,,,,,18,28,28
2025-03-02 20:33:09,,,,,,,,,,,,,23,35,37
2025-03-02 20:33:24,,,,,,,,,,,,,20,31,33
2025-03-02 20:33:39,,,,,,,,,,,,,19,35,39
2025-03-02 20:33:54,,,,,,,,,,,,,21,32,35
2025-03-02 20:34:09,,,,,,,,,,,,,16,32,35
2025-03-02 20:34:24,,,,,,,,,,,,,18,36,38
2025-03-02 20:34:39,,,,,,,,,,,,,18,32,34
2025-03-02 20:34:54,,,,,,,,,,,,,18,31,32
2025-03-02 20:35:09,,,,,,,,,,,,,17,31,33
2025-03-02 20:35:24,,,,,,,,,,,,,21,35,38
2025-03-02 20:35:39,,,,,,,,,,,,,18,29,29
2025-03-02 20:35:54,,,,,,,,,,,,,18,30,33
2025-03-02 20:36:09,,,,,,,,,,,,,18,30,34
2025-03-02 20:36:24,,,,,,,,,,,,,18,33,37
2025-03-02 20:36:39,,,,,,,,,,,,,18,32,36
2025-03-02 20:36:54,,,,,,,,,,,,,18,28,32
2025-03-02 20:37:09,,,,,,,,,,,,,19,27,30
2025-03-02 20:37:24,,,,,,,,,,,,,20,31,34
2025-03-02 20:37:39,,,,,,,,,,,,,19,30,32
2025-03-02 20:37:54,,,,,,,,,,,,,19,31,36
2025-03-02 20:38:09,,,,,,,,,,,,,18,27,27
2025-03-02 20:38:24,,,,,,,,,,,,,19,27,29
2025-03-02 20:38:39,,,,,,,,,,,,,19,27,28
2025-03-02 20:38:54,,,,,,,,,,,,,20,32,35
2025-03-02 20:39:09,,,,,,,,,,,,,19,36,37
2025-03-02 20:39:24,,,,,,,,,,,,,21,35,37
2025-03-02 20:39:39,,,,,,,,,,,,,18,32,34
2025-03-02 20:39:54,,,,,,,,,,,,,21,42,42
2025-03-02 20:40:09,,,,,,,,,,,,,21,35,36
2025-03-02 20:40:24,,,,,,,,,,,,,21,33,33
2025-03-02 20:40:39,,,,,,,,,,,,,22,40,42
2025-03-02 20:40:54,,,,,,,,,,,,,19,33,34
2025-03-02 20:41:09,,,,,,,,,,,,,20,36,36
2025-03-02 20:41:24,,,,,,,,,,,,,20,37,38
2025-03-02 20:41:39,,,,,,,,,,,,,19,29,30
2025-03-02 20:41:54,,,,,,,,,,,,,19,31,31
2025-03-02 20:42:09,,,,,,,,,,,,,19,36,39
2025-03-02 20:42:24,,,,,,,,,,,,,18,28,28
2025-03-02 20:42:40,,,,,,,,,,,,,19,34,36
2025-03-02 20:42:55,,,,,,,,,,,,,21,32,35
2025-03-02 20:43:10,,,,,,,,,,,,,19,31,31
2025-03-02 20:43:25,,,,,,,,,,,,,21,34,35
2025-03-02 20:43:40,,,,,,,,,,,,,23,35,35
2025-03-02 20:43:55,,,,,,,,,,,,,18,26,29
2025-03-02 20:44:10,,,,,,,,,,,,,21,32,36
2025-03-02 20:44:25,,,,,,,,,,,,,17,26,27
2025-03-02 20:44:40,,,,,,,,,,,,,20,31,33
2025-03-02 20:44:55,,,,,,,,,,,,,20,30,33
2025-03-02 20:45:10,,,,,,,,,,,,,21,31,32
2025-03-02 20:45:25,,,,,,,,,,,,,19,31,34
2025-03-02 20:45:40,,,,,,,,,,,,,22,38,44
2025-03-02 20:45:55,,,,,,,,,,,,,18,36,37
2025-03-02 20:46:10,,,,,,,,,,,,,21,40,41
2025-03-02 20:46:25,,,,,,,,,,,,,18,30,35
2025-03-02 20:46:40,,,,,,,,,,,,,20,30,31
2025-03-02 20:46:55,,,,,,,,,,,,,19,33,34
2025-03-02 20:47:10,,,,,,,,,,,,,19,34,36
2025-03-02 20:47:25,,,,,,,,,,,,,18,28,29
2025-03-02 20:47:40,,,,,,,,,,,,,18,25,28
2025-03-02 20:47:55,,,,,,,,,,,,,20,32,33
2025-03-02 20:48:10,,,,,,,,,,,,,22,36,36
2025-03-02 20:48:25,,,,,,,,,,,,,22,34,35
2025-03-02 20:48:40,,,,,,,,,,,,,22,40,42
2025-03-02 20:48:55,,,,,,,,,,,,,18,31,32
2025-03-02 20:49:10,,,,,,,,,,,,,19,36,38
2025-03-02 20:49:25,,,,,,,,,,,,,19,33,37
2025-03-02 20:49:40,,,,,,,,,,,,,19,38,42
2025-03-02 20:49:55,,,,,,,,,,,,,18,30,32
2025-03-02 20:50:10,,,,,,,,,,,,,18,29,29
2025-03-02 20:50:25,,,,,,,,,,,,,16,28,34
2025-03-02 20:50:40,,,,,,,,,,,,,19,29,31
2025-03-02 20:50:55,,,,,,,,,,,,,15,24,25
2025-03-02 20:51:10,,,,,,,,,,,,,19,33,35
2025-03-02 20:51:25,,,,,,,,,,,,,22,34,34
2025-03-02 20:51:40,,,,,,,,,,,,,21,33,33
2025-03-02 20:51:55,,,,,,,,,,,,,20,29,30
2025-03-02 20:52:10,,,,,,,,,,,,,17,28,33
2025-03-02 20:52:25,,,,,,,,,,,,,23,36,37
2025-03-02 20:52:40,,,,,,,,,,,,,22,38,41
2025-03-02 20:52:55,,,,,,,,,,,,,21,36,39
2025-03-02 20:53:10,,,,,,,,,,,,,21,38,40
2025-03-02 20:53:25,,,,,,,,,,,,,23,39,41
2025-03-02 20:53:40,,,,,,,,,,,,,21,33,33
2025-03-02 20:53:55,,,,,,,,,,,,,21,33,33
2025-03-02 20:54:10,,,,,,,,,,,,,21,33,35
2025-03-02 20:54:25,,,,,,,,,,,,,26,40,43
2025-03-02 20:54:40,,,,,,,,,,,,,21,33,37
2025-03-02 20:54:55,,,,,,,,,,,,,23,38,40
2025-03-02 20:55:10,,,,,,,,,,,,,20,33,35
2025-03-02 20:55:25,,,,,,,,,,,,,21,33,36
2025-03-02 20:55:40,,,,,,,,,,,,,20,35,39
2025-03-02 20:55:55,,,,,,,,,,,,,20,30,32
2025-03-02 20:56:10,,,,,,,,,,,,,21,36,36
2025-03-02 20:56:25,,,,,,,,,,,,,21,38,38
2025-03-02 20:56:40,,,,,,,,,,,,,22,33,33
2025-03-02 20:56:55,,,,,,,,,,,,,19,31,32
2025-03-02 20:57:10,,,,,,,,,,,,,21,32,33
2025-03-02 20:57:25,,,,,,,,,,,,,21,36,38
2025-03-02 20:57:40,,,,,,,,,,,,,22,30,32
2025-03-02 20:57:56,,,,,,,,,,,,,21,29,31
2025-03-02 20:58:11,,,,,,,,,,,,,20,30,32
2025-03-02 20:58:26,,,,,,,,,,,,,21,30,33
2025-03-02 20:58:41,,,,,,,,,,,,,19,30,32
2025-03-02 20:58:56,,,,,,,,,,,,,21,32,36
2025-03-02 20:59:11,,,,,,,,,,,,,20,34,35
2025-03-02 20:59:26,,,,,,,,,,,,,23,41,43
2025-03-02 20:59:41,,,,,,,,,,,,,20,33,37
2025-03-02 20:59:56,,,,,,,,,,,,,22,39,39
2025-03-02 21:00:11,,,,,,,,,,,,,21,35,37
2025-03-02 21:00:26,,,,,,,,,,,,,21,29,31
2025-03-02 21:00:41,,,,,,,,,,,,,20,28,31
2025-03-02 21:00:56,,,,,,,,,,,,,21,33,33
2025-03-02 21:01:11,,,,,,,,,,,,,20,32,36
2025-03-02 21:01:26,,,,,,,,,,,,,18,30,31
2025-03-02 21:01:41,,,,,,,,,,,,,20,30,34
2025-03-02 21:01:56,,,,,,,,,,,,,17,30,34
2025-03-02 21:02:11,,,,,,,,,,,,,23,42,44
2025-03-02 21:02:26,,,,,,,,,,,,,23,39,39
2025-03-02 21:02:41,,,,,,,,,,,,,26,41,43
2025-03-02 21:02:56,,,,,,,,,,,,,21,31,35
2025-03-02 21:03:11,,,,,,,,,,,,,22,35,39
2025-03-02 21:03:26,,,,,,,,,,,,,22,36,37
2025-03-02 21:03:41,,,,,,,,,,,,,22,33,38
2025-03-02 21:03:56,,,,,,,,,,,,,23,34,37
2025-03-02 21:04:11,,,,,,,,,,,,,20,37,41
2025-03-02 21:04:26,,,,,,,,,,,,,24,41,44
2025-03-02 21:04:41,,,,,,,,,,,,,21,33,38
2025-03-02 21:04:56,,,,,,,,,,,,,23,38,42
2025-03-02 21:05:11,,,,,,,,,,,,,28,45,46
2025-03-02 21:05:26,,,,,,,,,,,,,24,38,40
2025-03-02 21:05:41,,,,,,,,,,,,,22,40,44
2025-03-02 21:05:56,,,,,,,,,,,,,21,34,36
2025-03-02 21:06:11,,,,,,,,,,,,,19,31,35
2025-03-02 21:06:26,,,,,,,,,,,,,19,34,35
2025-03-02 21:06:41,,,,,,,,,,,,,20,34,37
2025-03-02 21:06:56,,,,,,,,,,,,,20,35,40
2025-03-02 21:07:11,,,,,,,,,,,,,21,34,35
2025-03-02 21:07:26,,,,,,,,,,,,,20,33,35
2025-03-02 21:07:41,,,,,,,,,,,,,19,31,39
2025-03-02 21:07:56,,,,,,,,,,,,,20,33,34
2025-03-02 21:08:11,,,,,,,,,,,,,22,29,31
2025-03-02 21:08:26,,,,,,,,,,,,,22,35,38
2025-03-02 21:08:41,,,,,,,,,,,,,20,34,41
2025-03-02 21:08:56,,,,,,,,,,,,,24,40,40
2025-03-02 21:09:11,,,,,,,,,,,,,21,35,37
2025-03-02 21:09:26,,,,,,,,,,,,,19,31,31
2025-03-02 21:09:41,,,,,,,,,,,,,24,38,39
2025-03-02 21:09:56,,,,,,,,,,,,,21,37,48
2025-03-02 21:10:11,,,,,,,,,,,,,24,33,36
2025-03-02 21:10:26,,,,,,,,,,,,,20,34,36
2025-03-02 21:10:41,,,,,,,,,,,,,21,35,39
2025-03-02 21:10:56,,,,,,,,,,,,,21,31,36
2025-03-02 21:11:11,,,,,,,,,,,,,21,32,35
2025-03-02 21:11:26,,,,,,,,,,,,,20,29,32
2025-03-02 21:11:41,,,,,,,,,,,,,19,26,28
2025-03-02 21:11:56,,,,,,,,,,,,,20,31,34
2025-03-02 21:12:11,,,,,,,,,,,,,20,29,32
2025-03-02 21:12:26,,,,,,,,,,,,,20,33,33
2025-03-02 21:12:41,,,,,,,,,,,,,18,28,28
2025-03-02 21:12:56,,,,,,,,,,,,,21,35,35
2025-03-02 21:13:11,,,,,,,,,,,,,20,27,31
2025-03-02 21:13:27,,,,,,,,,,,,,20,35,36
2025-03-02 21:13:42,,,,,,,,,,,,,19,36,37
2025-03-02 21:13:57,,,,,,,,,,,,,20,34,35
2025-03-02 21:14:12,,,,,,,,,,,,,18,27,27
2025-03-02 21:14:27,,,,,,,,,,,,,21,29,32
2025-03-02 21:14:42,,,,,,,,,,,,,18,35,38
2025-03-02 21:14:57,,,,,,,,,,,,,15,31,33
2025-03-02 21:15:12,,,,,,,,,,,,,17,31,32
2025-03-02 21:15:27,,,,,,,,,,,,,18,31,32
2025-03-02 21:15:42,,,,,,,,,,,,,22,31,34
2025-03-02 21:15:57,,,,,,,,,,,,,18,31,31
2025-03-02 21:16:12,,,,,,,,,,,,,18,28,30
2025-03-02 21:16:27,,,,,,,,,,,,,20,31,34
2025-03-02 21:16:42,,,,,,,,,,,,,21,33,34
2025-03-02 21:16:57,,,,,,,,,,,,,20,33,35
2025-03-02 21:17:12,,,,,,,,,,,,,23,36,36
2025-03-02 21:17:27,,,,,,,,,,,,,22,36,38
2025-03-02 21:17:42,,,,,,,,,,,,,22,38,38
2025-03-02 21:17:57,,,,,,,,,,,,,18,31,31
2025-03-02 21:18:12,,,,,,,,,,,,,24,32,37
2025-03-02 21:18:27,,,,,,,,,,,,,22,38,39
2025-03-02 21:18:42,,,,,,,,,,,,,22,36,44
2025-03-02 21:18:57,,,,,,,,,,,,,25,40,44
2025-03-02 21:19:12,,,,,,,,,,,,,23,37,38
2025-03-02 21:19:27,,,,,,,,,,,,,22,36,36
2025-03-02 21:19:42,,,,,,,,,,,,,19,33,35
2025-03-02 21:19:57,,,,,,,,,,,,,18,25,31
2025-03-02 21:20:12,,,,,,,,,,,,,21,36,36
2025-03-02 21:20:27,,,,,,,,,,,,,25,34,34
2025-03-02 21:20:42,,,,,,,,,,,,,21,37,44
2025-03-02 21:20:57,,,,,,,,,,,,,19,27,30
2025-03-02 21:21:12,,,,,,,,,,,,,19,31,36
2025-03-02 21:21:27,,,,,,,,,,,,,19,29,30
2025-03-02 21:21:42,,,,,,,,,,,,,18,29,30
2025-03-02 21:21:57,,,,,,,,,,,,,21,35,35
2025-03-02 21:22:12,,,,,,,,,,,,,18,27,29
2025-03-02 21:22:27,,,,,,,,,,,,,20,31,33
2025-03-02 21:22:42,,,,,,,,,,,,,19,33,34
2025-03-02 21:22:57,,,,,,,,,,,,,22,37,37
2025-03-02 21:23:12,,,,,,,,,,,,,19,32,35
2025-03-02 21:23:27,,,,,,,,,,,,,24,40,45
2025-03-02 21:23:42,,,,,,,,,,,,,20,33,33
2025-03-02 21:23:57,,,,,,,,,,,,,23,33,37
2025-03-02 21:24:12,,,,,,,,,,,,,19,33,35
2025-03-02 21:24:27,,,,,,,,,,,,,21,31,32
2025-03-02 21:24:42,,,,,,,,,,,,,18,36,37
2025-03-02 21:24:57,,,,,,,,,,,,,22,34,34
2025-03-02 21:25:12,,,,,,,,,,,,,18,29,29
2025-03-02 21:25:27,,,,,,,,,,,,,17,29,33
2025-03-02 21:25:42,,,,,,,,,,,,,20,32,35
2025-03-02 21:25:57,,,,,,,,,,,,,18,27,27
2025-03-02 21:26:12,,,,,,,,,,,,,18,27,28
2025-03-02 21:26:27,,,,,,,,,,,,,18,33,34
2025-03-02 21:26:42,,,,,,,,,,,,,21,36,40
2025-03-02 21:26:57,,,,,,,,,,,,,20,36,39
2025-03-02 21:27:12,,,,,,,,,,,,,21,32,32
2025-03-02 21:27:27,,,,,,,,,,,,,18,31,31
2025-03-02 21:27:42,,,,,,,,,,,,,21,39,40
2025-03-02 21:27:57,,,,,,,,,,,,,20,34,38
2025-03-02 21:28:12,,,,,,,,,,,,,22,34,34
2025-03-02 21:28:27,,,,,,,,,,,,,18,31,32
2025-03-02 21:28:42,,,,,,,,,,,,,19,29,32
2025-03-02 21:28:57,,,,,,,,,,,,,19,30,36
2025-03-02 21:29:13,,,,,,,,,,,,,24,37,40
2025-03-02 21:29:28,,,,,,,,,,,,,19,29,35
2025-03-02 21:29:43,,,,,,,,,,,,,24,35,36
2025-03-02 21:29:58,,,,,,,,,,,,,19,30,32
2025-03-02 21:30:13,,,,,,,,,,,,,19,36,41
2025-03-02 21:30:28,,,,,,,,,,,,,24,37,48
2025-03-02 21:30:43,,,,,,,,,,,,,21,37,37
2025-03-02 21:30:58,,,,,,,,,,,,,23,34,35
2025-03-02 21:31:13,,,,,,,,,,,,,18,32,32
2025-03-02 21:31:28,,,,,,,,,,,,,20,36,41
2025-03-02 21:31:43,,,,,,,,,,,,,18,35,39
2025-03-02 21:31:58,,,,,,,,,,,,,19,29,33
2025-03-02 21:32:13,,,,,,,,,,,,,19,29,32
2025-03-02 21:32:28,,,,,,,,,,,,,17,28,30
2025-03-02 21:32:43,,,,,,,,,,,,,19,33,36
2025-03-02 21:32:58,,,,,,,,,,,,,19,35,35
2025-03-02 21:33:13,,,,,,,,,,,,,20,33,34
2025-03-02 21:33:28,,,,,,,,,,,,,19,29,32
2025-03-02 21:33:43,,,,,,,,,,,,,19,25,25
2025-03-02 21:33:58,,,,,,,,,,,,,19,36,36
2025-03-02 21:34:13,,,,,,,,,,,,,19,30,34
2025-03-02 21:34:28,,,,,,,,,,,,,19,27,28
2025-03-02 21:34:43,,,,,,,,,,,,,20,33,33
2025-03-02 21:34:58,,,,,,,,,,,,,17,27,27
2025-03-02 21:35:13,,,,,,,,,,,,,15,24,27
2025-03-02 21:35:28,,,,,,,,,,,,,20,32,35
2025-03-02 21:35:43,,,,,,,,,,,,,20,29,29
2025-03-02 21:35:58,,,,,,,,,,,,,20,35,37
2025-03-02 21:36:13,,,,,,,,,,,,,18,31,34
2025-03-02 21:36:28,,,,,,,,,,,,,18,33,33
2025-03-02 21:36:43,,,,,,,,,,,,,21,32,32
2025-03-02 21:36:58,,,,,,,,,,,,,17,24,26
2025-03-02 21:37:13,,,,,,,,,,,,,20,30,33
2025-03-02 21:37:28,,,,,,,,,,,,,18,27,29
2025-03-02 21:37:43,,,,,,,,,,,,,19,33,33
2025-03-02 21:37:58,,,,,,,,,,,,,20,38,39
2025-03-02 21:38:13,,,,,,,,,,,,,16,28,29
2025-03-02 21:38:28,,,,,,,,,,,,,18,33,34
2025-03-02 21:38:43,,,,,,,,,,,,,17,27,31
2025-03-02 21:38:58,,,,,,,,,,,,,18,26,26
2025-03-02 21:39:13,,,,,,,,,,,,,18,32,33
2025-03-02 21:39:28,,,,,,,,,,,,,17,27,28
2025-03-02 21:39:43,,,,,,,,,,,,,17,30,31
2025-03-02 21:39:58,,,,,,,,,,,,,16,26,27
2025-03-02 21:40:13,,,,,,,,,,,,,21,32,33
2025-03-02 21:40:28,,,,,,,,,,,,,17,25,27
2025-03-02 21:40:43,,,,,,,,,,,,,21,34,35
2025-03-02 21:40:58,,,,,,,,,,,,,17,33,33
2025-03-02 21:41:13,,,,,,,,,,,,,21,31,32
2025-03-02 21:41:28,,,,,,,,,,,,,18,30,33
2025-03-02 21:41:43,,,,,,,,,,,,,16,32,32
2025-03-02 21:41:58,,,,,,,,,,,,,17,31,31
2025-03-02 21:42:13,,,,,,,,,,,,,19,32,35
2025-03-02 21:42:28,,,,,,,,,,,,,19,32,38
2025-03-02 21:42:43,,,,,,,,,,,,,18,33,33
2025-03-02 21:42:58,,,,,,,,,,,,,19,30,30
2025-03-02 21:43:13,,,,,,,,,,,,,19,33,35
2025-03-02 21:43:28,,,,,,,,,,,,,17,30,31
2025-03-02 21:43:43,,,,,,,,,,,,,16,33,35
2025-03-02 21:43:58,,,,,,,,,,,,,17,27,29
2025-03-02 21:44:13,,,,,,,,,,,,,20,40,43
2025-03-02 21:44:28,,,,,,,,,,,,,19,32,32
2025-03-02 21:44:44,,,,,,,,,,,,,21,33,36
2025-03-02 21:44:59,,,,,,,,,,,,,15,28,31
2025-03-02 21:45:14,,,,,,,,,,,,,17,25,26
2025-03-02 21:45:29,,,,,,,,,,,,,18,27,30
2025-03-02 21:45:44,,,,,,,,,,,,,17,27,27
2025-03-02 21:45:59,,,,,,,,,,,,,19,32,34
2025-03-02 21:46:14,,,,,,,,,,,,,17,29,29
2025-03-02 21:46:29,,,,,,,,,,,,,18,32,35
2025-03-02 21:46:44,,,,,,,,,,,,,18,31,34
